 Image stonefish-slam:orbslam3 Building 
#1 [internal] load local bake definitions
#1 reading from stdin 748B done
#1 DONE 0.0s

#2 [internal] load build definition from Dockerfile
#2 transferring dockerfile: 11.84kB done
#2 DONE 0.0s

#3 resolve image config for docker-image://docker.io/docker/dockerfile:1
#3 DONE 1.8s

#4 docker-image://docker.io/docker/dockerfile:1@sha256:ecfaec9ed6d810b56388c508f4121597bfbba70d41a6dfeee4d8cad5f295fc32
#4 resolve docker.io/docker/dockerfile:1@sha256:ecfaec9ed6d810b56388c508f4121597bfbba70d41a6dfeee4d8cad5f295fc32 0.0s done
#4 CACHED

#5 [internal] load metadata for docker.io/library/ros:jazzy-ros-base@sha256:c3706ef0a0aa45413c07803cf433602f543b22e45b4855f6fca955c2d8ecc4e8
#5 DONE 2.2s

#6 [internal] load .dockerignore
#6 transferring context: 104B done
#6 DONE 0.0s

#7 [core  1/12] FROM docker.io/library/ros:jazzy-ros-base@sha256:c3706ef0a0aa45413c07803cf433602f543b22e45b4855f6fca955c2d8ecc4e8
#7 resolve docker.io/library/ros:jazzy-ros-base@sha256:c3706ef0a0aa45413c07803cf433602f543b22e45b4855f6fca955c2d8ecc4e8 0.0s done
#7 DONE 0.0s

#8 [internal] load build context
#8 transferring context: 1.79kB done
#8 DONE 0.0s

#9 [core  4/12] COPY scripts/fetch_upstream.py /opt/uw/fetch_upstream.py
#9 CACHED

#10 [survey 2/4] COPY vendor/patches/0009-survey-optical-lights.patch /opt/uw/survey/
#10 CACHED

#11 [vio 5/8] COPY vendor /opt/uw/m2-vendor
#11 CACHED

#12 [core 11/12] RUN chmod +x /opt/uw/entrypoint.sh && mkdir -p /work/overlay && chmod 1777 /work/overlay
#12 CACHED

#13 [rtabmap 3/3] RUN sha256sum /opt/uw/source-lock.porth.yaml > /opt/uw/porth-lock.sha256
#13 CACHED

#14 [core  5/12] COPY scripts/record_build.py /opt/uw/record_build.py
#14 CACHED

#15 [survey 3/4] RUN python3 - <<'PY'
#15 CACHED

#16 [navigation 2/2] RUN sha256sum /opt/uw/source-lock.m3.yaml > /opt/uw/m3-lock.sha256
#16 CACHED

#17 [vio 2/8] RUN git init /opt/uw_src/open_vins     && git -C /opt/uw_src/open_vins fetch --depth 1 https://github.com/rpng/open_vins.git 93adc241390d13e99232652cf05cbe18a93c7bea     && git -C /opt/uw_src/open_vins checkout --detach FETCH_HEAD
#17 CACHED

#18 [rtabmap 1/3] RUN apt-get update && DEBIAN_FRONTEND=noninteractive apt-get install -y --no-install-recommends     ros-jazzy-rtabmap-slam=0.23.7-1noble.20260903.103010     ros-jazzy-rtabmap-util=0.23.7-1noble.20260903.095812     ros-jazzy-rtabmap-msgs=0.23.7-1noble.20260902.042917     && dpkg-query -W > /opt/uw/porth-dpkg-packages.txt     && rm -rf /var/lib/apt/lists/*
#18 CACHED

#19 [vio 8/8] RUN dpkg-query -W > /opt/uw/m2-dpkg-packages.txt     && python3 -m pip list --format=json > /opt/uw/m2-python-packages.json     && sha256sum /opt/uw/m2-vendor/source-lock.m2.yaml > /opt/uw/m2-lock.sha256
#19 CACHED

#20 [core  2/12] RUN apt-get update && apt-get install -y --no-install-recommends     build-essential cmake git ca-certificates     libglm-dev libsdl2-dev libfreetype6-dev libgl1-mesa-dev     python3-colcon-common-extensions python3-yaml python3-pip python3-matplotlib     ros-jazzy-ament-cmake-python ros-jazzy-image-transport     ros-jazzy-pcl-conversions ros-jazzy-rosgraph-msgs     ros-jazzy-tf2-ros ros-jazzy-diagnostic-msgs     ros-jazzy-rviz2 ros-jazzy-robot-state-publisher     ros-jazzy-rosbag2-storage-mcap mesa-utils xauth     && rm -rf /var/lib/apt/lists/*
#20 CACHED

#21 [core  8/12] COPY test/rviz_lifecycle /opt/uw/rviz_lifecycle
#21 CACHED

#22 [core  7/12] RUN source /opt/ros/jazzy/setup.bash     && export MAKEFLAGS="-j8" CMAKE_BUILD_PARALLEL_LEVEL="8"     && colcon build --base-paths /opt/uw_src/stonefish_ros2 /opt/uw_src/stonefish_bluerov2       --build-base /opt/uw_build/ros --install-base /opt/uw_underlay --merge-install       --executor sequential --cmake-args -DCMAKE_BUILD_TYPE=Release -DBUILD_TESTING=OFF     && colcon build --base-paths /opt/uw_src/rviz/rviz_common /opt/uw_src/rviz/rviz_default_plugins       --build-base /opt/uw_build/rviz --install-base /opt/uw_underlay --merge-install       --executor sequential --cmake-args -DCMAKE_BUILD_TYPE=Release -DBUILD_TESTING=OFF     && dpkg-query -W > /opt/uw/dpkg-packages.txt     && python3 -m pip list --format=json > /opt/uw/python-packages.json     && UW_BUILD_BASE="ros:jazzy-ros-base@sha256:c3706ef0a0aa45413c07803cf433602f543b22e45b4855f6fca955c2d8ecc4e8" python3 /opt/uw/record_build.py
#22 CACHED

#23 [orbslam3 2/7] RUN python3 - <<'PYFETCH'
#23 CACHED

#24 [vio 7/8] RUN python3 /opt/uw/prepare_m2_upstream.py     && cmake -S /opt/uw_src/stonefish -B /opt/uw_build/stonefish -DCMAKE_BUILD_TYPE=Release -DBUILD_TESTS=OFF     && cmake --build /opt/uw_build/stonefish --parallel "8"     && cmake --install /opt/uw_build/stonefish && ldconfig     && source /opt/ros/jazzy/setup.bash     && export MAKEFLAGS="-j8" CMAKE_BUILD_PARALLEL_LEVEL="8"     && colcon build --base-paths /opt/uw_src/stonefish_ros2 /opt/uw_src/stonefish_bluerov2        --build-base /opt/uw_build/ros --install-base /opt/uw_underlay --merge-install        --executor sequential --cmake-args -DCMAKE_BUILD_TYPE=Release -DBUILD_TESTING=OFF
#24 CACHED

#25 [orbslam3 4/7] COPY vendor/patches/0010-orbslam3-build-export-shutdown.patch vendor/patches/0011-pangolin-fixed-width-integers.patch /opt/uw/orbslam3/
#25 CACHED

#26 [core  6/12] RUN python3 /opt/uw/fetch_upstream.py --lock /opt/uw/vendor/source-lock.yaml       --destination /opt/uw_src --evidence /opt/uw/upstream-evidence.json     && cmake -S /opt/uw_src/stonefish -B /opt/uw_build/stonefish       -DCMAKE_BUILD_TYPE=Release -DBUILD_TESTS=OFF     && cmake --build /opt/uw_build/stonefish --parallel "8"     && cmake --install /opt/uw_build/stonefish && ldconfig
#26 CACHED

#27 [core 10/12] COPY docker/entrypoint.sh /opt/uw/entrypoint.sh
#27 CACHED

#28 [survey 1/4] COPY vendor/source-lock.survey.yaml /opt/uw/survey/source-lock.survey.yaml
#28 CACHED

#29 [survey 4/4] RUN source /opt/ros/jazzy/setup.bash && source /opt/uw_underlay/setup.bash     && cmake --build /opt/uw_build/ros/stonefish_ros2 --parallel 4     && cmake --install /opt/uw_build/ros/stonefish_ros2     && sha256sum /opt/uw/survey/source-lock.survey.yaml > /opt/uw/survey-lock.sha256
#29 CACHED

#30 [core 12/12] WORKDIR /workspace
#30 CACHED

#31 [rtabmap 2/3] COPY vendor/source-lock.porth.yaml /opt/uw/source-lock.porth.yaml
#31 CACHED

#32 [core  3/12] COPY vendor /opt/uw/vendor
#32 CACHED

#33 [vio 1/8] RUN apt-get update && apt-get install -y --no-install-recommends     libopencv-dev libceres-dev python3-opencv     && rm -rf /var/lib/apt/lists/*
#33 CACHED

#34 [vio 6/8] COPY scripts/prepare_m2_upstream.py /opt/uw/
#34 CACHED

#35 [navigation 1/2] COPY vendor/source-lock.m3.yaml /opt/uw/source-lock.m3.yaml
#35 CACHED

#36 [orbslam3 6/7] RUN cmake -S /opt/uw_src/Pangolin -B /opt/uw_build/pangolin     -DCMAKE_BUILD_TYPE=Release -DBUILD_EXAMPLES=OFF -DBUILD_TOOLS=OFF -DBUILD_TESTS=OFF     -DBUILD_PANGOLIN_PYTHON=OFF -DBUILD_PANGOLIN_VIDEO=OFF     && cmake --build /opt/uw_build/pangolin --parallel 4     && cmake --install /opt/uw_build/pangolin
#36 CACHED

#37 [vio 3/8] RUN git init /opt/uw_src/ceres     && git -C /opt/uw_src/ceres fetch --depth 1 https://github.com/ceres-solver/ceres-solver.git f68321e7de8929fbcdb95dd42877531e64f72f66     && git -C /opt/uw_src/ceres checkout --detach FETCH_HEAD     && cmake -S /opt/uw_src/ceres -B /opt/uw_build/ceres -DCMAKE_BUILD_TYPE=Release        -DCMAKE_INSTALL_PREFIX=/opt/uw_ceres -DBUILD_TESTING=OFF -DBUILD_EXAMPLES=OFF        -DBUILD_SHARED_LIBS=ON -DSUITESPARSE=OFF -DCXSPARSE=OFF -DLAPACK=OFF     && cmake --build /opt/uw_build/ceres --parallel "8"     && cmake --install /opt/uw_build/ceres     && echo /opt/uw_ceres/lib > /etc/ld.so.conf.d/uw-ceres.conf && ldconfig
#37 CACHED

#38 [core  9/12] RUN source /opt/ros/jazzy/setup.bash && source /opt/uw_underlay/setup.bash     && cmake -S /opt/uw/rviz_lifecycle -B /opt/uw_build/rviz_lifecycle     && cmake --build /opt/uw_build/rviz_lifecycle --parallel "8"     && QT_QPA_PLATFORM=offscreen ASAN_OPTIONS=detect_leaks=0 /opt/uw_build/rviz_lifecycle/image_unsubscribe
#38 CACHED

#39 [orbslam3 3/7] COPY vendor/source-lock.orbslam3.yaml /opt/uw/orbslam3/source-lock.orbslam3.yaml
#39 CACHED

#40 [orbslam3 5/7] RUN python3 - <<'PY'
#40 CACHED

#41 [vio 4/8] RUN cmake -S /opt/uw_src/open_vins/ov_msckf -B /opt/uw_build/open_vins       -DCMAKE_BUILD_TYPE=Release -DCMAKE_PREFIX_PATH=/opt/uw_ceres -DENABLE_ROS=OFF -DENABLE_ARUCO_TAGS=OFF       -DCMAKE_DISABLE_FIND_PACKAGE_ament_cmake=ON     && cmake --build /opt/uw_build/open_vins --parallel "8"     && cmake --install /opt/uw_build/open_vins && ldconfig
#41 CACHED

#42 [orbslam3 1/7] RUN apt-get update && DEBIAN_FRONTEND=noninteractive apt-get install -y --no-install-recommends     libglew-dev libepoxy-dev libboost-serialization-dev libssl-dev     && rm -rf /var/lib/apt/lists/*
#42 CACHED

#43 [orbslam3 7/7] RUN cmake -S /opt/uw_src/ORB_SLAM3/Thirdparty/DBoW2 -B /opt/uw_build/dbow2 -DCMAKE_BUILD_TYPE=Release     && cmake --build /opt/uw_build/dbow2 --parallel 4     && cmake -S /opt/uw_src/ORB_SLAM3 -B /opt/uw_build/orbslam3 -DCMAKE_BUILD_TYPE=Release     && cmake --build /opt/uw_build/orbslam3 --target ORB_SLAM3 --parallel 4     && tar -xf /opt/uw_src/ORB_SLAM3/Vocabulary/ORBvoc.txt.tar.gz -C /opt/uw_src/ORB_SLAM3/Vocabulary     && printf '%s\n' /opt/uw_src/ORB_SLAM3/lib /opt/uw_src/ORB_SLAM3/Thirdparty/DBoW2/lib /opt/uw_src/ORB_SLAM3/Thirdparty/g2o/lib > /etc/ld.so.conf.d/uw-orbslam3.conf     && ldconfig     && sha256sum /opt/uw/orbslam3/source-lock.orbslam3.yaml > /opt/uw/orbslam3-lock.sha256     && sha256sum /opt/uw_src/ORB_SLAM3/Vocabulary/ORBvoc.txt > /opt/uw/orbslam3/vocabulary.sha256     && dpkg-query -W > /opt/uw/orbslam3/dpkg-packages.txt
#43 CACHED

#44 exporting to image
#44 exporting layers done
#44 exporting manifest sha256:9ebe029b396bc12141b74740fce0f67892dda12552f2ff71434daf07ee3067bc done
#44 exporting config sha256:66cf54d82fbc34ff048d264b9e36b2d6fbf33fc959dc666274d3e76b013aa53d done
#44 exporting attestation manifest sha256:0bc646fbe2ef15f225b4d60958fc2bc7c5c0ae824043f739952edbddcb608d69 0.0s done
#44 exporting manifest list sha256:96d562e68ec6eca606e2b366f079112a17f3fd767ec292a129561f5f5e57c6a1 0.0s done
#44 naming to docker.io/library/stonefish-slam:orbslam3 done
#44 unpacking to docker.io/library/stonefish-slam:orbslam3 0.0s done
#44 DONE 0.1s

#45 resolving provenance for metadata file
#45 DONE 0.0s
 Image stonefish-slam:orbslam3 Built 
 Container uw-dev-3a9ec4f3ec-tools-run-9a7a1f12224f Creating 
 Container uw-dev-3a9ec4f3ec-tools-run-9a7a1f12224f Created 
Starting >>> uw_interfaces
[0.106s] WARNING:colcon.colcon_ros.prefix_path.ament:The path '/work/overlay/install/uw_app' in the environment variable AMENT_PREFIX_PATH doesn't exist
[0.106s] WARNING:colcon.colcon_ros.prefix_path.ament:The path '/work/overlay/install/uw_ui' in the environment variable AMENT_PREFIX_PATH doesn't exist
[0.106s] WARNING:colcon.colcon_ros.prefix_path.ament:The path '/work/overlay/install/uw_benchmark' in the environment variable AMENT_PREFIX_PATH doesn't exist
[0.106s] WARNING:colcon.colcon_ros.prefix_path.ament:The path '/work/overlay/install/uw_tasks' in the environment variable AMENT_PREFIX_PATH doesn't exist
[0.106s] WARNING:colcon.colcon_ros.prefix_path.ament:The path '/work/overlay/install/uw_simulations' in the environment variable AMENT_PREFIX_PATH doesn't exist
[0.106s] WARNING:colcon.colcon_ros.prefix_path.ament:The path '/work/overlay/install/uw_runtime' in the environment variable AMENT_PREFIX_PATH doesn't exist
[0.106s] WARNING:colcon.colcon_ros.prefix_path.ament:The path '/work/overlay/install/uw_perception' in the environment variable AMENT_PREFIX_PATH doesn't exist
[0.106s] WARNING:colcon.colcon_ros.prefix_path.ament:The path '/work/overlay/install/uw_guard' in the environment variable AMENT_PREFIX_PATH doesn't exist
[0.106s] WARNING:colcon.colcon_ros.prefix_path.ament:The path '/work/overlay/install/uw_controller' in the environment variable AMENT_PREFIX_PATH doesn't exist
[0.106s] WARNING:colcon.colcon_ros.prefix_path.ament:The path '/work/overlay/install/uw_robot' in the environment variable AMENT_PREFIX_PATH doesn't exist
[0.106s] WARNING:colcon.colcon_ros.prefix_path.ament:The path '/work/overlay/install/uw_navigation' in the environment variable AMENT_PREFIX_PATH doesn't exist
[0.106s] WARNING:colcon.colcon_ros.prefix_path.ament:The path '/work/overlay/install/uw_localization' in the environment variable AMENT_PREFIX_PATH doesn't exist
[0.106s] WARNING:colcon.colcon_ros.prefix_path.ament:The path '/work/overlay/install/uw_interfaces' in the environment variable AMENT_PREFIX_PATH doesn't exist
[0.106s] WARNING:colcon.colcon_ros.prefix_path.catkin:The path '/work/overlay/install/uw_ui' in the environment variable CMAKE_PREFIX_PATH doesn't exist
[0.106s] WARNING:colcon.colcon_ros.prefix_path.catkin:The path '/work/overlay/install/uw_localization' in the environment variable CMAKE_PREFIX_PATH doesn't exist
[0.106s] WARNING:colcon.colcon_ros.prefix_path.catkin:The path '/work/overlay/install/uw_interfaces' in the environment variable CMAKE_PREFIX_PATH doesn't exist
Starting >>> uw_robot
Starting >>> uw_runtime
Starting >>> uw_ui
-- The C compiler identification is GNU 13.3.0
-- The CXX compiler identification is GNU 13.3.0
-- Detecting C compiler ABI info
-- Detecting C compiler ABI info - done
-- Check for working C compiler: /usr/bin/cc - skipped
-- Detecting C compile features
-- Detecting C compile features - done
-- Detecting CXX compiler ABI info
-- Detecting CXX compiler ABI info - done
-- Check for working CXX compiler: /usr/bin/c++ - skipped
-- Detecting CXX compile features
-- Detecting CXX compile features - done
-- Found ament_cmake: 2.5.6 (/opt/ros/jazzy/share/ament_cmake/cmake)
-- The C compiler identification is GNU 13.3.0
-- The CXX compiler identification is GNU 13.3.0
-- Detecting C compiler ABI info
-- Found Python3: /usr/bin/python3 (found version "3.12.3") found components: Interpreter 
-- Detecting C compiler ABI info - done
-- Check for working C compiler: /usr/bin/cc - skipped
-- Detecting C compile features
-- Detecting C compile features - done
-- Detecting CXX compiler ABI info
-- Override CMake install command with custom implementation using symlinks instead of copying resources
-- Found rosidl_default_generators: 1.6.1 (/opt/ros/jazzy/share/rosidl_default_generators/cmake)
-- Using all available rosidl_typesupport_c: rosidl_typesupport_fastrtps_c;rosidl_typesupport_introspection_c
-- Using all available rosidl_typesupport_cpp: rosidl_typesupport_fastrtps_cpp;rosidl_typesupport_introspection_cpp
-- Detecting CXX compiler ABI info - done
-- Check for working CXX compiler: /usr/bin/c++ - skipped
-- Detecting CXX compile features
-- Detecting CXX compile features - done
-- Found ament_cmake: 2.5.6 (/opt/ros/jazzy/share/ament_cmake/cmake)
-- Found rosidl_adapter: 4.6.9 (/opt/ros/jazzy/share/rosidl_adapter/cmake)
-- Found geometry_msgs: 5.3.8 (/opt/ros/jazzy/share/geometry_msgs/cmake)
-- Found sensor_msgs: 5.3.8 (/opt/ros/jazzy/share/sensor_msgs/cmake)
-- Found Python3: /usr/bin/python3 (found version "3.12.3") found components: Interpreter 
-- Override CMake install command with custom implementation using symlinks instead of copying resources
-- Configuring done (0.5s)
-- Generating done (0.0s)
running develop
-- Build files have been written to: /work/overlay/build/uw_ui
Built target ament_cmake_python_symlink_uw_ui
running egg_info
creating uw_runtime.egg-info
running develop
writing uw_runtime.egg-info/PKG-INFO
writing dependency_links to uw_runtime.egg-info/dependency_links.txt
writing requirements to uw_runtime.egg-info/requires.txt
writing top-level names to uw_runtime.egg-info/top_level.txt
writing manifest file 'uw_runtime.egg-info/SOURCES.txt'
reading manifest file 'uw_runtime.egg-info/SOURCES.txt'
writing manifest file 'uw_runtime.egg-info/SOURCES.txt'
running build_ext
Creating /work/overlay/install/uw_runtime/lib/python3.12/site-packages/uw-runtime.egg-link (link to .)

Installed /work/overlay/build/uw_runtime
running symlink_data
creating /work/overlay/install/uw_runtime/share/ament_index
creating /work/overlay/install/uw_runtime/share/ament_index/resource_index
creating /work/overlay/install/uw_runtime/share/ament_index/resource_index/packages
symbolically linking /work/overlay/build/uw_runtime/resource/uw_runtime -> /work/overlay/install/uw_runtime/share/ament_index/resource_index/packages
symbolically linking /work/overlay/build/uw_runtime/package.xml -> /work/overlay/install/uw_runtime/share/uw_runtime
Finished <<< uw_runtime [0.84s]
running egg_info
creating uw_robot.egg-info
writing uw_robot.egg-info/PKG-INFO
writing dependency_links to uw_robot.egg-info/dependency_links.txt
writing requirements to uw_robot.egg-info/requires.txt
writing top-level names to uw_robot.egg-info/top_level.txt
writing manifest file 'uw_robot.egg-info/SOURCES.txt'
running egg_info
creating uw_ui.egg-info
reading manifest file 'uw_robot.egg-info/SOURCES.txt'
writing manifest file 'uw_robot.egg-info/SOURCES.txt'
writing uw_ui.egg-info/PKG-INFO
writing dependency_links to uw_ui.egg-info/dependency_links.txt
writing top-level names to uw_ui.egg-info/top_level.txt
writing manifest file 'uw_ui.egg-info/SOURCES.txt'
running build_ext
Creating /work/overlay/install/uw_robot/lib/python3.12/site-packages/uw-robot.egg-link (link to .)

Installed /work/overlay/build/uw_robot
running symlink_data
creating /work/overlay/install/uw_robot/share/ament_index
creating /work/overlay/install/uw_robot/share/ament_index/resource_index
creating /work/overlay/install/uw_robot/share/ament_index/resource_index/packages
symbolically linking /work/overlay/build/uw_robot/resource/uw_robot -> /work/overlay/install/uw_robot/share/ament_index/resource_index/packages
symbolically linking /work/overlay/build/uw_robot/package.xml -> /work/overlay/install/uw_robot/share/uw_robot
creating /work/overlay/install/uw_robot/share/uw_robot/config
symbolically linking /work/overlay/build/uw_robot/config/bluerov2_heavy.yaml -> /work/overlay/install/uw_robot/share/uw_robot/config
symbolically linking /work/overlay/build/uw_robot/config/thrusters_m1.yaml -> /work/overlay/install/uw_robot/share/uw_robot/config
reading manifest file 'uw_ui.egg-info/SOURCES.txt'
writing manifest file 'uw_ui.egg-info/SOURCES.txt'
Finished <<< uw_robot [0.90s]
Starting >>> uw_perception
Built target ament_cmake_python_build_uw_ui_egg
-- Found ament_cmake_ros: 0.12.1 (/opt/ros/jazzy/share/ament_cmake_ros/cmake)
-- Install configuration: ""
-- Execute custom install script
-- Symlinking: /work/overlay/install/uw_ui/share/uw_ui/environment/pythonpath.sh
-- Symlinking: /work/overlay/install/uw_ui/share/uw_ui/environment/pythonpath.dsv
-- Symlinking: /work/overlay/install/uw_ui/lib/python3.12/site-packages/uw_ui-0.1.0-py3.12.egg-info/PKG-INFO
-- Symlinking: /work/overlay/install/uw_ui/lib/python3.12/site-packages/uw_ui-0.1.0-py3.12.egg-info/SOURCES.txt
-- Symlinking: /work/overlay/install/uw_ui/lib/python3.12/site-packages/uw_ui-0.1.0-py3.12.egg-info/dependency_links.txt
-- Symlinking: /work/overlay/install/uw_ui/lib/python3.12/site-packages/uw_ui-0.1.0-py3.12.egg-info/top_level.txt
-- Symlinking: /work/overlay/install/uw_ui/lib/python3.12/site-packages/uw_ui/__init__.py
-- Symlinking: /work/overlay/install/uw_ui/lib/python3.12/site-packages/uw_ui/layouts.py
-- Symlinking: /work/overlay/install/uw_ui/lib/python3.12/site-packages/uw_ui/window.py
-- Symlinking: /work/overlay/install/uw_ui/share/uw_ui/config/inspect.rviz
-- Symlinking: /work/overlay/install/uw_ui/share/ament_index/resource_index/package_run_dependencies/uw_ui
-- Symlinking: /work/overlay/install/uw_ui/share/ament_index/resource_index/parent_prefix_path/uw_ui
-- Symlinking: /work/overlay/install/uw_ui/share/uw_ui/environment/ament_prefix_path.sh
-- Symlinking: /work/overlay/install/uw_ui/share/uw_ui/environment/ament_prefix_path.dsv
-- Symlinking: /work/overlay/install/uw_ui/share/uw_ui/environment/path.sh
-- Symlinking: /work/overlay/install/uw_ui/share/uw_ui/environment/path.dsv
-- Symlinking: /work/overlay/install/uw_ui/share/uw_ui/local_setup.bash
-- Symlinking: /work/overlay/install/uw_ui/share/uw_ui/local_setup.sh
-- Symlinking: /work/overlay/install/uw_ui/share/uw_ui/local_setup.zsh
-- Symlinking: /work/overlay/install/uw_ui/share/uw_ui/local_setup.dsv
-- Symlinking: /work/overlay/install/uw_ui/share/uw_ui/package.dsv
-- Symlinking: /work/overlay/install/uw_ui/share/ament_index/resource_index/packages/uw_ui
-- Symlinking: /work/overlay/install/uw_ui/share/uw_ui/cmake/uw_uiConfig.cmake
-- Symlinking: /work/overlay/install/uw_ui/share/uw_ui/cmake/uw_uiConfig-version.cmake
-- Symlinking: /work/overlay/install/uw_ui/share/uw_ui/package.xml
Listing '/work/overlay/install/uw_ui/lib/python3.12/site-packages/uw_ui'...
Compiling '/work/overlay/install/uw_ui/lib/python3.12/site-packages/uw_ui/__init__.py'...
Compiling '/work/overlay/install/uw_ui/lib/python3.12/site-packages/uw_ui/layouts.py'...
Compiling '/work/overlay/install/uw_ui/lib/python3.12/site-packages/uw_ui/window.py'...
Finished <<< uw_ui [1.18s]
-- Using all available rosidl_typesupport_c: rosidl_typesupport_fastrtps_c;rosidl_typesupport_introspection_c
running develop
running egg_info
creating uw_perception.egg-info
writing uw_perception.egg-info/PKG-INFO
writing dependency_links to uw_perception.egg-info/dependency_links.txt
writing entry points to uw_perception.egg-info/entry_points.txt
writing requirements to uw_perception.egg-info/requires.txt
writing top-level names to uw_perception.egg-info/top_level.txt
writing manifest file 'uw_perception.egg-info/SOURCES.txt'
reading manifest file 'uw_perception.egg-info/SOURCES.txt'
writing manifest file 'uw_perception.egg-info/SOURCES.txt'
running build_ext
Creating /work/overlay/install/uw_perception/lib/python3.12/site-packages/uw-perception.egg-link (link to .)
Installing sensors script to /work/overlay/install/uw_perception/lib/uw_perception

Installed /work/overlay/build/uw_perception
running symlink_data
creating /work/overlay/install/uw_perception/share/ament_index
creating /work/overlay/install/uw_perception/share/ament_index/resource_index
creating /work/overlay/install/uw_perception/share/ament_index/resource_index/packages
symbolically linking /work/overlay/build/uw_perception/resource/uw_perception -> /work/overlay/install/uw_perception/share/ament_index/resource_index/packages
symbolically linking /work/overlay/build/uw_perception/package.xml -> /work/overlay/install/uw_perception/share/uw_perception
Finished <<< uw_perception [0.71s]
Starting >>> uw_localization
-- The C compiler identification is GNU 13.3.0
-- The CXX compiler identification is GNU 13.3.0
-- Detecting C compiler ABI info
-- Using all available rosidl_typesupport_cpp: rosidl_typesupport_fastrtps_cpp;rosidl_typesupport_introspection_cpp
-- Found python_cmake_module: 0.11.1 (/opt/ros/jazzy/share/python_cmake_module/cmake)
-- Detecting C compiler ABI info - done
-- Check for working C compiler: /usr/bin/cc - skipped
-- Detecting C compile features
-- Detecting C compile features - done
-- Detecting CXX compiler ABI info
-- Found PythonExtra: /usr/bin/python3  
-- Detecting CXX compiler ABI info - done
-- Check for working CXX compiler: /usr/bin/c++ - skipped
-- Detecting CXX compile features
-- Detecting CXX compile features - done
-- Found ament_cmake: 2.5.6 (/opt/ros/jazzy/share/ament_cmake/cmake)
-- Found Python3: /usr/bin/python3 (found version "3.12.3") found components: Interpreter 
-- Override CMake install command with custom implementation using symlinks instead of copying resources
-- Found rclcpp: 28.1.22 (/opt/ros/jazzy/share/rclcpp/cmake)
-- Found Python3: /usr/bin/python3 (found version "3.12.3") found components: Interpreter Development NumPy Development.Module Development.Embed 
-- Found rosidl_generator_c: 4.6.9 (/opt/ros/jazzy/share/rosidl_generator_c/cmake)
-- Found rosidl_generator_cpp: 4.6.9 (/opt/ros/jazzy/share/rosidl_generator_cpp/cmake)
-- Using all available rosidl_typesupport_c: rosidl_typesupport_fastrtps_c;rosidl_typesupport_introspection_c
-- Using all available rosidl_typesupport_cpp: rosidl_typesupport_fastrtps_cpp;rosidl_typesupport_introspection_cpp
-- Found rmw_implementation_cmake: 7.3.3 (/opt/ros/jazzy/share/rmw_implementation_cmake/cmake)
-- Found Python3: /usr/bin/python3 (found version "3.12.3") found components: Interpreter 
-- Found rmw_fastrtps_cpp: 8.4.4 (/opt/ros/jazzy/share/rmw_fastrtps_cpp/cmake)
-- Configuring done (2.1s)
-- Generating done (0.0s)
-- Build files have been written to: /work/overlay/build/uw_interfaces
-- Found OpenSSL: /usr/lib/x86_64-linux-gnu/libcrypto.so (found version "3.0.13")  
-- Found FastRTPS: /opt/ros/jazzy/include (Required is at least version "2.13") 
[  1%] Generating Rust code for ROS interfaces
[  2%] Generating type hashes for ROS interfaces
-- Using RMW implementation 'rmw_fastrtps_cpp' as default
[  2%] Built target ament_cmake_python_symlink_uw_interfaces
-- Found sensor_msgs: 5.3.8 (/opt/ros/jazzy/share/sensor_msgs/cmake)
-- Found nav_msgs: 5.3.8 (/opt/ros/jazzy/share/nav_msgs/cmake)
running egg_info
creating uw_interfaces.egg-info
-- Found std_srvs: 5.3.8 (/opt/ros/jazzy/share/std_srvs/cmake)
writing uw_interfaces.egg-info/PKG-INFO
writing dependency_links to uw_interfaces.egg-info/dependency_links.txt
writing top-level names to uw_interfaces.egg-info/top_level.txt
writing manifest file 'uw_interfaces.egg-info/SOURCES.txt'
-- Found tf2_ros: 0.36.22 (/opt/ros/jazzy/share/tf2_ros/cmake)
reading manifest file 'uw_interfaces.egg-info/SOURCES.txt'
writing manifest file 'uw_interfaces.egg-info/SOURCES.txt'
[  2%] Built target ament_cmake_python_build_uw_interfaces_egg
[  2%] Built target uw_interfaces__rosidl_generator_type_description
[  3%] Generating C code for ROS interfaces
[  4%] Generating C++ code for ROS interfaces
-- Found OpenCV: /usr (found version "4.6.0") 
[  4%] Built target uw_interfaces__rs
-- Found Boost: /usr/lib/x86_64-linux-gnu/cmake/Boost-1.83.0/BoostConfig.cmake (found version "1.83.0") found components: filesystem system 
-- Performing Test CMAKE_HAVE_LIBC_PTHREAD
-- Performing Test CMAKE_HAVE_LIBC_PTHREAD - Success
-- Found Threads: TRUE  
-- Configuring done (0.9s)
-- Generating done (0.0s)
-- Build files have been written to: /work/overlay/build/uw_localization
[ 16%] Building CXX object CMakeFiles/openvins.dir/src/openvins_node.cpp.o
[ 33%] Building CXX object CMakeFiles/orbslam3.dir/src/orbslam3_node.cpp.o
[ 50%] Building CXX object CMakeFiles/orbslam3_atlas_check.dir/src/orbslam3_atlas_check.cpp.o
[ 50%] Built target ament_cmake_python_symlink_uw_localization
[  4%] Built target uw_interfaces__cpp
running egg_info
creating uw_localization.egg-info
writing uw_localization.egg-info/PKG-INFO
writing dependency_links to uw_localization.egg-info/dependency_links.txt
writing top-level names to uw_localization.egg-info/top_level.txt
writing manifest file 'uw_localization.egg-info/SOURCES.txt'
reading manifest file 'uw_localization.egg-info/SOURCES.txt'
writing manifest file 'uw_localization.egg-info/SOURCES.txt'
[ 50%] Built target ament_cmake_python_build_uw_localization_egg
[  8%] Building C object CMakeFiles/uw_interfaces__rosidl_generator_c.dir/rosidl_generator_c/uw_interfaces/msg/detail/actuator_output__functions.c.o
[  8%] Building C object CMakeFiles/uw_interfaces__rosidl_generator_c.dir/rosidl_generator_c/uw_interfaces/msg/detail/control_request__functions.c.o
[  8%] Building C object CMakeFiles/uw_interfaces__rosidl_generator_c.dir/rosidl_generator_c/uw_interfaces/msg/detail/authorized_command__functions.c.o
[  9%] Building C object CMakeFiles/uw_interfaces__rosidl_generator_c.dir/rosidl_generator_c/uw_interfaces/msg/detail/authorized_command__type_support.c.o
[ 14%] Building C object CMakeFiles/uw_interfaces__rosidl_generator_c.dir/rosidl_generator_c/uw_interfaces/msg/detail/navigation_goal__functions.c.o
[ 12%] Building C object CMakeFiles/uw_interfaces__rosidl_generator_c.dir/rosidl_generator_c/uw_interfaces/msg/detail/control_request__type_support.c.o
[ 14%] Building C object CMakeFiles/uw_interfaces__rosidl_generator_c.dir/rosidl_generator_c/uw_interfaces/msg/detail/control_request__description.c.o
[ 14%] Building C object CMakeFiles/uw_interfaces__rosidl_generator_c.dir/rosidl_generator_c/uw_interfaces/srv/detail/control__type_support.c.o
[ 15%] Building C object CMakeFiles/uw_interfaces__rosidl_generator_c.dir/rosidl_generator_c/uw_interfaces/msg/detail/authorized_command__description.c.o
[ 16%] Building C object CMakeFiles/uw_interfaces__rosidl_generator_c.dir/rosidl_generator_c/uw_interfaces/msg/detail/actuator_output__description.c.o
[ 17%] Building C object CMakeFiles/uw_interfaces__rosidl_generator_c.dir/rosidl_generator_c/uw_interfaces/action/detail/execute_mission__type_support.c.o
[ 18%] Building C object CMakeFiles/uw_interfaces__rosidl_generator_c.dir/rosidl_generator_c/uw_interfaces/action/detail/execute_mission__functions.c.o
[ 21%] Building C object CMakeFiles/uw_interfaces__rosidl_generator_c.dir/rosidl_generator_c/uw_interfaces/srv/detail/control__functions.c.o
[ 21%] Building C object CMakeFiles/uw_interfaces__rosidl_generator_c.dir/rosidl_generator_c/uw_interfaces/msg/detail/actuator_output__type_support.c.o
[ 22%] Building C object CMakeFiles/uw_interfaces__rosidl_generator_c.dir/rosidl_generator_c/uw_interfaces/srv/detail/control__description.c.o
[ 23%] Building C object CMakeFiles/uw_interfaces__rosidl_generator_c.dir/rosidl_generator_c/uw_interfaces/msg/detail/navigation_goal__description.c.o
[ 24%] Building C object CMakeFiles/uw_interfaces__rosidl_generator_c.dir/rosidl_generator_c/uw_interfaces/msg/detail/navigation_goal__type_support.c.o
[ 25%] Building C object CMakeFiles/uw_interfaces__rosidl_generator_c.dir/rosidl_generator_c/uw_interfaces/action/detail/execute_mission__description.c.o
[ 27%] Linking C shared library libuw_interfaces__rosidl_generator_c.so
[ 27%] Built target uw_interfaces__rosidl_generator_c
[ 28%] Generating C type support dispatch for ROS interfaces
[ 29%] Generating C++ introspection for ROS interfaces
[ 31%] Generating C type support for eProsima Fast-RTPS
[ 31%] Generating C++ type support for eProsima Fast-RTPS
[ 32%] Generating C introspection for ROS interfaces
[ 34%] Generating C++ type support dispatch for ROS interfaces
[ 36%] Building CXX object CMakeFiles/uw_interfaces__rosidl_typesupport_c.dir/rosidl_typesupport_c/uw_interfaces/msg/navigation_goal__type_support.cpp.o
[ 36%] Building CXX object CMakeFiles/uw_interfaces__rosidl_typesupport_c.dir/rosidl_typesupport_c/uw_interfaces/msg/actuator_output__type_support.cpp.o
[ 37%] Building CXX object CMakeFiles/uw_interfaces__rosidl_typesupport_c.dir/rosidl_typesupport_c/uw_interfaces/msg/authorized_command__type_support.cpp.o
[ 38%] Building CXX object CMakeFiles/uw_interfaces__rosidl_typesupport_c.dir/rosidl_typesupport_c/uw_interfaces/msg/control_request__type_support.cpp.o
[ 40%] Building CXX object CMakeFiles/uw_interfaces__rosidl_typesupport_c.dir/rosidl_typesupport_c/uw_interfaces/srv/control__type_support.cpp.o
[ 41%] Building CXX object CMakeFiles/uw_interfaces__rosidl_typesupport_c.dir/rosidl_typesupport_c/uw_interfaces/action/execute_mission__type_support.cpp.o
[ 42%] Linking CXX shared library libuw_interfaces__rosidl_typesupport_c.so
[ 42%] Built target uw_interfaces__rosidl_typesupport_c
[ 44%] Building CXX object CMakeFiles/uw_interfaces__rosidl_typesupport_cpp.dir/rosidl_typesupport_cpp/uw_interfaces/msg/authorized_command__type_support.cpp.o
[ 44%] Building CXX object CMakeFiles/uw_interfaces__rosidl_typesupport_cpp.dir/rosidl_typesupport_cpp/uw_interfaces/msg/actuator_output__type_support.cpp.o
[ 45%] Building CXX object CMakeFiles/uw_interfaces__rosidl_typesupport_cpp.dir/rosidl_typesupport_cpp/uw_interfaces/srv/control__type_support.cpp.o
[ 47%] Building CXX object CMakeFiles/uw_interfaces__rosidl_typesupport_cpp.dir/rosidl_typesupport_cpp/uw_interfaces/action/execute_mission__type_support.cpp.o
[ 48%] Building CXX object CMakeFiles/uw_interfaces__rosidl_typesupport_cpp.dir/rosidl_typesupport_cpp/uw_interfaces/msg/control_request__type_support.cpp.o
[ 49%] Building CXX object CMakeFiles/uw_interfaces__rosidl_typesupport_cpp.dir/rosidl_typesupport_cpp/uw_interfaces/msg/navigation_goal__type_support.cpp.o
[ 51%] Building CXX object CMakeFiles/uw_interfaces__rosidl_typesupport_introspection_cpp.dir/rosidl_typesupport_introspection_cpp/uw_interfaces/msg/detail/authorized_command__type_support.cpp.o
[ 51%] Building CXX object CMakeFiles/uw_interfaces__rosidl_typesupport_introspection_cpp.dir/rosidl_typesupport_introspection_cpp/uw_interfaces/action/detail/execute_mission__type_support.cpp.o
[ 52%] Building CXX object CMakeFiles/uw_interfaces__rosidl_typesupport_introspection_cpp.dir/rosidl_typesupport_introspection_cpp/uw_interfaces/msg/detail/actuator_output__type_support.cpp.o
[ 54%] Building CXX object CMakeFiles/uw_interfaces__rosidl_typesupport_introspection_cpp.dir/rosidl_typesupport_introspection_cpp/uw_interfaces/srv/detail/control__type_support.cpp.o
[ 56%] Building CXX object CMakeFiles/uw_interfaces__rosidl_typesupport_introspection_cpp.dir/rosidl_typesupport_introspection_cpp/uw_interfaces/msg/detail/control_request__type_support.cpp.o
[ 56%] Building CXX object CMakeFiles/uw_interfaces__rosidl_typesupport_introspection_cpp.dir/rosidl_typesupport_introspection_cpp/uw_interfaces/msg/detail/navigation_goal__type_support.cpp.o
[ 57%] Building CXX object CMakeFiles/uw_interfaces__rosidl_typesupport_fastrtps_cpp.dir/rosidl_typesupport_fastrtps_cpp/uw_interfaces/action/detail/dds_fastrtps/execute_mission__type_support.cpp.o
[ 60%] Building CXX object CMakeFiles/uw_interfaces__rosidl_typesupport_fastrtps_cpp.dir/rosidl_typesupport_fastrtps_cpp/uw_interfaces/msg/detail/dds_fastrtps/authorized_command__type_support.cpp.o
[ 60%] Building CXX object CMakeFiles/uw_interfaces__rosidl_typesupport_fastrtps_cpp.dir/rosidl_typesupport_fastrtps_cpp/uw_interfaces/msg/detail/dds_fastrtps/control_request__type_support.cpp.o
[ 61%] Building CXX object CMakeFiles/uw_interfaces__rosidl_typesupport_fastrtps_cpp.dir/rosidl_typesupport_fastrtps_cpp/uw_interfaces/msg/detail/dds_fastrtps/navigation_goal__type_support.cpp.o
[ 62%] Building CXX object CMakeFiles/uw_interfaces__rosidl_typesupport_fastrtps_cpp.dir/rosidl_typesupport_fastrtps_cpp/uw_interfaces/srv/detail/dds_fastrtps/control__type_support.cpp.o
[ 63%] Building CXX object CMakeFiles/uw_interfaces__rosidl_typesupport_fastrtps_cpp.dir/rosidl_typesupport_fastrtps_cpp/uw_interfaces/msg/detail/dds_fastrtps/actuator_output__type_support.cpp.o
[ 69%] Building C object CMakeFiles/uw_interfaces__rosidl_typesupport_introspection_c.dir/rosidl_typesupport_introspection_c/uw_interfaces/msg/detail/actuator_output__type_support.c.o
[ 69%] Building C object CMakeFiles/uw_interfaces__rosidl_typesupport_introspection_c.dir/rosidl_typesupport_introspection_c/uw_interfaces/msg/detail/control_request__type_support.c.o
[ 69%] Building C object CMakeFiles/uw_interfaces__rosidl_typesupport_introspection_c.dir/rosidl_typesupport_introspection_c/uw_interfaces/msg/detail/navigation_goal__type_support.c.o
[ 69%] Building C object CMakeFiles/uw_interfaces__rosidl_typesupport_introspection_c.dir/rosidl_typesupport_introspection_c/uw_interfaces/msg/detail/authorized_command__type_support.c.o
[ 69%] Building C object CMakeFiles/uw_interfaces__rosidl_typesupport_introspection_c.dir/rosidl_typesupport_introspection_c/uw_interfaces/srv/detail/control__type_support.c.o
[ 70%] Building C object CMakeFiles/uw_interfaces__rosidl_typesupport_introspection_c.dir/rosidl_typesupport_introspection_c/uw_interfaces/action/detail/execute_mission__type_support.c.o
[ 74%] Building CXX object CMakeFiles/uw_interfaces__rosidl_typesupport_fastrtps_c.dir/rosidl_typesupport_fastrtps_c/uw_interfaces/msg/detail/actuator_output__type_support_c.cpp.o
[ 74%] Building CXX object CMakeFiles/uw_interfaces__rosidl_typesupport_fastrtps_c.dir/rosidl_typesupport_fastrtps_c/uw_interfaces/msg/detail/authorized_command__type_support_c.cpp.o
[ 74%] Building CXX object CMakeFiles/uw_interfaces__rosidl_typesupport_fastrtps_c.dir/rosidl_typesupport_fastrtps_c/uw_interfaces/msg/detail/navigation_goal__type_support_c.cpp.o
[ 75%] Building CXX object CMakeFiles/uw_interfaces__rosidl_typesupport_fastrtps_c.dir/rosidl_typesupport_fastrtps_c/uw_interfaces/srv/detail/control__type_support_c.cpp.o
[ 76%] Building CXX object CMakeFiles/uw_interfaces__rosidl_typesupport_fastrtps_c.dir/rosidl_typesupport_fastrtps_c/uw_interfaces/msg/detail/control_request__type_support_c.cpp.o
[ 77%] Building CXX object CMakeFiles/uw_interfaces__rosidl_typesupport_fastrtps_c.dir/rosidl_typesupport_fastrtps_c/uw_interfaces/action/detail/execute_mission__type_support_c.cpp.o
[ 78%] Linking C shared library libuw_interfaces__rosidl_typesupport_introspection_c.so
[ 78%] Built target uw_interfaces__rosidl_typesupport_introspection_c
[ 80%] Linking CXX shared library libuw_interfaces__rosidl_typesupport_fastrtps_c.so
[ 81%] Linking CXX shared library libuw_interfaces__rosidl_typesupport_cpp.so
[ 82%] Linking CXX shared library libuw_interfaces__rosidl_typesupport_introspection_cpp.so
[ 82%] Built target uw_interfaces__rosidl_typesupport_fastrtps_c
[ 82%] Built target uw_interfaces__rosidl_typesupport_cpp
[ 82%] Built target uw_interfaces__rosidl_typesupport_introspection_cpp
[ 83%] Linking CXX shared library libuw_interfaces__rosidl_typesupport_fastrtps_cpp.so
[ 83%] Built target uw_interfaces__rosidl_typesupport_fastrtps_cpp
[ 83%] Built target uw_interfaces
[ 84%] Generating Python code for ROS interfaces
In file included from /opt/uw_src/ORB_SLAM3/Thirdparty/g2o/g2o/types/types_six_dof_expmap.h:37,
                 from /opt/uw_src/ORB_SLAM3/include/Converter.h:26,
                 from /opt/uw_src/ORB_SLAM3/include/Frame.h:33,
                 from /opt/uw_src/ORB_SLAM3/include/KeyFrame.h:28,
                 from /opt/uw_src/ORB_SLAM3/include/MapPoint.h:23,
                 from /opt/uw_src/ORB_SLAM3/include/FrameDrawer.h:24,
                 from /opt/uw_src/ORB_SLAM3/include/Viewer.h:23,
                 from /opt/uw_src/ORB_SLAM3/include/Tracking.h:26,
                 from /opt/uw_src/ORB_SLAM3/include/System.h:31,
                 from /workspace/localization/src/orbslam3_atlas_check.cpp:3:
/opt/uw_src/ORB_SLAM3/Thirdparty/g2o/g2o/types/../core/base_vertex.h:62:74: warning: ‘Eigen::AlignedBit’ is deprecated [-Wdeprecated-declarations]
   62 |     typedef Eigen::Map<Matrix<double, D, D>, Matrix<double,D,D>::Flags & AlignedBit ? Aligned : Unaligned >  HessianBlockType;
      |                                                                          ^~~~~~~~~~
In file included from /usr/include/eigen3/Eigen/Core:161,
                 from /usr/include/eigen3/Eigen/LU:11,
                 from /opt/uw_src/ORB_SLAM3/Thirdparty/Sophus/sophus/so2.hpp:12,
                 from /opt/uw_src/ORB_SLAM3/Thirdparty/Sophus/sophus/se2.hpp:7,
                 from /opt/uw_src/ORB_SLAM3/Thirdparty/Sophus/sophus/geometry.hpp:7,
                 from /opt/uw_src/ORB_SLAM3/include/Frame.h:28:
/usr/include/eigen3/Eigen/src/Core/util/Constants.h:167:37: note: declared here
  167 | EIGEN_DEPRECATED const unsigned int AlignedBit = 0x80;
      |                                     ^~~~~~~~~~
In file included from /opt/uw_src/ORB_SLAM3/Thirdparty/g2o/g2o/types/types_six_dof_expmap.h:38:
/opt/uw_src/ORB_SLAM3/Thirdparty/g2o/g2o/types/../core/base_binary_edge.h:59:82: warning: ‘Eigen::AlignedBit’ is deprecated [-Wdeprecated-declarations]
   59 |       typedef Eigen::Map<Matrix<double, Di, Dj>, Matrix<double, Di, Dj>::Flags & AlignedBit ? Aligned : Unaligned > HessianBlockType;
      |                                                                                  ^~~~~~~~~~
/usr/include/eigen3/Eigen/src/Core/util/Constants.h:167:37: note: declared here
  167 | EIGEN_DEPRECATED const unsigned int AlignedBit = 0x80;
      |                                     ^~~~~~~~~~
/opt/uw_src/ORB_SLAM3/Thirdparty/g2o/g2o/types/../core/base_binary_edge.h:60:82: warning: ‘Eigen::AlignedBit’ is deprecated [-Wdeprecated-declarations]
   60 |       typedef Eigen::Map<Matrix<double, Dj, Di>, Matrix<double, Dj, Di>::Flags & AlignedBit ? Aligned : Unaligned > HessianBlockTransposedType;
      |                                                                                  ^~~~~~~~~~
/usr/include/eigen3/Eigen/src/Core/util/Constants.h:167:37: note: declared here
  167 | EIGEN_DEPRECATED const unsigned int AlignedBit = 0x80;
      |                                     ^~~~~~~~~~
/opt/uw_src/ORB_SLAM3/Thirdparty/g2o/g2o/types/../core/base_vertex.h: In instantiation of ‘class g2o::BaseVertex<3, Eigen::Matrix<double, 3, 1> >’:
/opt/uw_src/ORB_SLAM3/Thirdparty/g2o/g2o/types/types_sba.h:40:35:   required from here
/opt/uw_src/ORB_SLAM3/Thirdparty/g2o/g2o/types/../core/base_vertex.h:62:72: warning: ‘Eigen::AlignedBit’ is deprecated [-Wdeprecated-declarations]
   62 |     typedef Eigen::Map<Matrix<double, D, D>, Matrix<double,D,D>::Flags & AlignedBit ? Aligned : Unaligned >  HessianBlockType;
      |                                                                  ~~~~~~^~~~~~~~~~~~
/usr/include/eigen3/Eigen/src/Core/util/Constants.h:167:37: note: declared here
  167 | EIGEN_DEPRECATED const unsigned int AlignedBit = 0x80;
      |                                     ^~~~~~~~~~
/opt/uw_src/ORB_SLAM3/Thirdparty/g2o/g2o/types/../core/base_vertex.h: In instantiation of ‘class g2o::BaseVertex<6, g2o::SE3Quat>’:
/opt/uw_src/ORB_SLAM3/Thirdparty/g2o/g2o/types/types_six_dof_expmap.h:59:33:   required from here
/opt/uw_src/ORB_SLAM3/Thirdparty/g2o/g2o/types/../core/base_vertex.h:62:72: warning: ‘Eigen::AlignedBit’ is deprecated [-Wdeprecated-declarations]
   62 |     typedef Eigen::Map<Matrix<double, D, D>, Matrix<double,D,D>::Flags & AlignedBit ? Aligned : Unaligned >  HessianBlockType;
      |                                                                  ~~~~~~^~~~~~~~~~~~
/usr/include/eigen3/Eigen/src/Core/util/Constants.h:167:37: note: declared here
  167 | EIGEN_DEPRECATED const unsigned int AlignedBit = 0x80;
      |                                     ^~~~~~~~~~
/opt/uw_src/ORB_SLAM3/Thirdparty/g2o/g2o/types/../core/base_binary_edge.h: In instantiation of ‘class g2o::BaseBinaryEdge<6, g2o::SE3Quat, g2o::VertexSE3Expmap, g2o::VertexSE3Expmap>’:
/opt/uw_src/ORB_SLAM3/Thirdparty/g2o/g2o/types/types_six_dof_expmap.h:83:24:   required from here
/opt/uw_src/ORB_SLAM3/Thirdparty/g2o/g2o/types/../core/base_binary_edge.h:59:80: warning: ‘Eigen::AlignedBit’ is deprecated [-Wdeprecated-declarations]
   59 |       typedef Eigen::Map<Matrix<double, Di, Dj>, Matrix<double, Di, Dj>::Flags & AlignedBit ? Aligned : Unaligned > HessianBlockType;
      |                                                                          ~~~~~~^~~~~~~~~~~~
/usr/include/eigen3/Eigen/src/Core/util/Constants.h:167:37: note: declared here
  167 | EIGEN_DEPRECATED const unsigned int AlignedBit = 0x80;
      |                                     ^~~~~~~~~~
/opt/uw_src/ORB_SLAM3/Thirdparty/g2o/g2o/types/../core/base_binary_edge.h:60:80: warning: ‘Eigen::AlignedBit’ is deprecated [-Wdeprecated-declarations]
   60 |       typedef Eigen::Map<Matrix<double, Dj, Di>, Matrix<double, Dj, Di>::Flags & AlignedBit ? Aligned : Unaligned > HessianBlockTransposedType;
      |                                                                          ~~~~~~^~~~~~~~~~~~
/usr/include/eigen3/Eigen/src/Core/util/Constants.h:167:37: note: declared here
  167 | EIGEN_DEPRECATED const unsigned int AlignedBit = 0x80;
      |                                     ^~~~~~~~~~
/opt/uw_src/ORB_SLAM3/Thirdparty/g2o/g2o/types/../core/base_binary_edge.h: In instantiation of ‘class g2o::BaseBinaryEdge<2, Eigen::Matrix<double, 2, 1>, g2o::VertexSBAPointXYZ, g2o::VertexSE3Expmap>’:
/opt/uw_src/ORB_SLAM3/Thirdparty/g2o/g2o/types/types_six_dof_expmap.h:114:35:   required from here
/opt/uw_src/ORB_SLAM3/Thirdparty/g2o/g2o/types/../core/base_binary_edge.h:59:80: warning: ‘Eigen::AlignedBit’ is deprecated [-Wdeprecated-declarations]
   59 |       typedef Eigen::Map<Matrix<double, Di, Dj>, Matrix<double, Di, Dj>::Flags & AlignedBit ? Aligned : Unaligned > HessianBlockType;
      |                                                                          ~~~~~~^~~~~~~~~~~~
/usr/include/eigen3/Eigen/src/Core/util/Constants.h:167:37: note: declared here
  167 | EIGEN_DEPRECATED const unsigned int AlignedBit = 0x80;
      |                                     ^~~~~~~~~~
/opt/uw_src/ORB_SLAM3/Thirdparty/g2o/g2o/types/../core/base_binary_edge.h:60:80: warning: ‘Eigen::AlignedBit’ is deprecated [-Wdeprecated-declarations]
   60 |       typedef Eigen::Map<Matrix<double, Dj, Di>, Matrix<double, Dj, Di>::Flags & AlignedBit ? Aligned : Unaligned > HessianBlockTransposedType;
      |                                                                          ~~~~~~^~~~~~~~~~~~
/usr/include/eigen3/Eigen/src/Core/util/Constants.h:167:37: note: declared here
  167 | EIGEN_DEPRECATED const unsigned int AlignedBit = 0x80;
      |                                     ^~~~~~~~~~
/opt/uw_src/ORB_SLAM3/Thirdparty/g2o/g2o/types/../core/base_binary_edge.h: In instantiation of ‘class g2o::BaseBinaryEdge<3, Eigen::Matrix<double, 3, 1>, g2o::VertexSBAPointXYZ, g2o::VertexSE3Expmap>’:
/opt/uw_src/ORB_SLAM3/Thirdparty/g2o/g2o/types/types_six_dof_expmap.h:146:41:   required from here
/opt/uw_src/ORB_SLAM3/Thirdparty/g2o/g2o/types/../core/base_binary_edge.h:59:80: warning: ‘Eigen::AlignedBit’ is deprecated [-Wdeprecated-declarations]
   59 |       typedef Eigen::Map<Matrix<double, Di, Dj>, Matrix<double, Di, Dj>::Flags & AlignedBit ? Aligned : Unaligned > HessianBlockType;
      |                                                                          ~~~~~~^~~~~~~~~~~~
/usr/include/eigen3/Eigen/src/Core/util/Constants.h:167:37: note: declared here
  167 | EIGEN_DEPRECATED const unsigned int AlignedBit = 0x80;
      |                                     ^~~~~~~~~~
/opt/uw_src/ORB_SLAM3/Thirdparty/g2o/g2o/types/../core/base_binary_edge.h:60:80: warning: ‘Eigen::AlignedBit’ is deprecated [-Wdeprecated-declarations]
   60 |       typedef Eigen::Map<Matrix<double, Dj, Di>, Matrix<double, Dj, Di>::Flags & AlignedBit ? Aligned : Unaligned > HessianBlockTransposedType;
      |                                                                          ~~~~~~^~~~~~~~~~~~
/usr/include/eigen3/Eigen/src/Core/util/Constants.h:167:37: note: declared here
  167 | EIGEN_DEPRECATED const unsigned int AlignedBit = 0x80;
      |                                     ^~~~~~~~~~
/opt/uw_src/ORB_SLAM3/Thirdparty/g2o/g2o/types/../core/base_vertex.h: In instantiation of ‘class g2o::BaseVertex<7, g2o::Sim3>’:
/opt/uw_src/ORB_SLAM3/Thirdparty/g2o/g2o/types/types_seven_dof_expmap.h:48:35:   required from here
/opt/uw_src/ORB_SLAM3/Thirdparty/g2o/g2o/types/../core/base_vertex.h:62:72: warning: ‘Eigen::AlignedBit’ is deprecated [-Wdeprecated-declarations]
   62 |     typedef Eigen::Map<Matrix<double, D, D>, Matrix<double,D,D>::Flags & AlignedBit ? Aligned : Unaligned >  HessianBlockType;
      |                                                                  ~~~~~~^~~~~~~~~~~~
/usr/include/eigen3/Eigen/src/Core/util/Constants.h:167:37: note: declared here
  167 | EIGEN_DEPRECATED const unsigned int AlignedBit = 0x80;
      |                                     ^~~~~~~~~~
/opt/uw_src/ORB_SLAM3/Thirdparty/g2o/g2o/types/../core/base_binary_edge.h: In instantiation of ‘class g2o::BaseBinaryEdge<7, g2o::Sim3, g2o::VertexSim3Expmap, g2o::VertexSim3Expmap>’:
/opt/uw_src/ORB_SLAM3/Thirdparty/g2o/g2o/types/types_seven_dof_expmap.h:99:27:   required from here
/opt/uw_src/ORB_SLAM3/Thirdparty/g2o/g2o/types/../core/base_binary_edge.h:59:80: warning: ‘Eigen::AlignedBit’ is deprecated [-Wdeprecated-declarations]
   59 |       typedef Eigen::Map<Matrix<double, Di, Dj>, Matrix<double, Di, Dj>::Flags & AlignedBit ? Aligned : Unaligned > HessianBlockType;
      |                                                                          ~~~~~~^~~~~~~~~~~~
/usr/include/eigen3/Eigen/src/Core/util/Constants.h:167:37: note: declared here
  167 | EIGEN_DEPRECATED const unsigned int AlignedBit = 0x80;
      |                                     ^~~~~~~~~~
/opt/uw_src/ORB_SLAM3/Thirdparty/g2o/g2o/types/../core/base_binary_edge.h:60:80: warning: ‘Eigen::AlignedBit’ is deprecated [-Wdeprecated-declarations]
   60 |       typedef Eigen::Map<Matrix<double, Dj, Di>, Matrix<double, Dj, Di>::Flags & AlignedBit ? Aligned : Unaligned > HessianBlockTransposedType;
      |                                                                          ~~~~~~^~~~~~~~~~~~
/usr/include/eigen3/Eigen/src/Core/util/Constants.h:167:37: note: declared here
  167 | EIGEN_DEPRECATED const unsigned int AlignedBit = 0x80;
      |                                     ^~~~~~~~~~
/opt/uw_src/ORB_SLAM3/Thirdparty/g2o/g2o/types/../core/base_binary_edge.h: In instantiation of ‘class g2o::BaseBinaryEdge<2, Eigen::Matrix<double, 2, 1>, g2o::VertexSBAPointXYZ, g2o::VertexSim3Expmap>’:
/opt/uw_src/ORB_SLAM3/Thirdparty/g2o/g2o/types/types_seven_dof_expmap.h:130:36:   required from here
/opt/uw_src/ORB_SLAM3/Thirdparty/g2o/g2o/types/../core/base_binary_edge.h:59:80: warning: ‘Eigen::AlignedBit’ is deprecated [-Wdeprecated-declarations]
   59 |       typedef Eigen::Map<Matrix<double, Di, Dj>, Matrix<double, Di, Dj>::Flags & AlignedBit ? Aligned : Unaligned > HessianBlockType;
      |                                                                          ~~~~~~^~~~~~~~~~~~
/usr/include/eigen3/Eigen/src/Core/util/Constants.h:167:37: note: declared here
  167 | EIGEN_DEPRECATED const unsigned int AlignedBit = 0x80;
      |                                     ^~~~~~~~~~
/opt/uw_src/ORB_SLAM3/Thirdparty/g2o/g2o/types/../core/base_binary_edge.h:60:80: warning: ‘Eigen::AlignedBit’ is deprecated [-Wdeprecated-declarations]
   60 |       typedef Eigen::Map<Matrix<double, Dj, Di>, Matrix<double, Dj, Di>::Flags & AlignedBit ? Aligned : Unaligned > HessianBlockTransposedType;
      |                                                                          ~~~~~~^~~~~~~~~~~~
/usr/include/eigen3/Eigen/src/Core/util/Constants.h:167:37: note: declared here
  167 | EIGEN_DEPRECATED const unsigned int AlignedBit = 0x80;
      |                                     ^~~~~~~~~~
[ 84%] Built target uw_interfaces__py
[ 91%] Building C object CMakeFiles/uw_interfaces__rosidl_generator_py.dir/rosidl_generator_py/uw_interfaces/srv/_control_s.c.o
[ 91%] Building C object CMakeFiles/uw_interfaces__rosidl_generator_py.dir/rosidl_generator_py/uw_interfaces/msg/_navigation_goal_s.c.o
[ 91%] Building C object CMakeFiles/uw_interfaces__rosidl_generator_py.dir/rosidl_generator_py/uw_interfaces/action/_execute_mission_s.c.o
[ 91%] Building C object CMakeFiles/uw_interfaces__rosidl_generator_py.dir/rosidl_generator_py/uw_interfaces/msg/_actuator_output_s.c.o
[ 91%] Building C object CMakeFiles/uw_interfaces__rosidl_generator_py.dir/rosidl_generator_py/uw_interfaces/msg/_control_request_s.c.o
[ 91%] Building C object CMakeFiles/uw_interfaces__rosidl_generator_py.dir/rosidl_generator_py/uw_interfaces/msg/_authorized_command_s.c.o
[ 92%] Linking C shared library libuw_interfaces__rosidl_generator_py.so
[ 92%] Built target uw_interfaces__rosidl_generator_py
[ 95%] Building C object CMakeFiles/uw_interfaces_s__rosidl_typesupport_introspection_c.dir/rosidl_generator_py/uw_interfaces/_uw_interfaces_s.ep.rosidl_typesupport_introspection_c.c.o
[ 95%] Building C object CMakeFiles/uw_interfaces_s__rosidl_typesupport_fastrtps_c.dir/rosidl_generator_py/uw_interfaces/_uw_interfaces_s.ep.rosidl_typesupport_fastrtps_c.c.o
[ 96%] Building C object CMakeFiles/uw_interfaces_s__rosidl_typesupport_c.dir/rosidl_generator_py/uw_interfaces/_uw_interfaces_s.ep.rosidl_typesupport_c.c.o
[ 97%] Linking C shared module rosidl_generator_py/uw_interfaces/uw_interfaces_s__rosidl_typesupport_c.so
[ 98%] Linking C shared module rosidl_generator_py/uw_interfaces/uw_interfaces_s__rosidl_typesupport_fastrtps_c.so
[ 98%] Built target uw_interfaces_s__rosidl_typesupport_c
[ 98%] Built target uw_interfaces_s__rosidl_typesupport_fastrtps_c
[100%] Linking C shared module rosidl_generator_py/uw_interfaces/uw_interfaces_s__rosidl_typesupport_introspection_c.so
[100%] Built target uw_interfaces_s__rosidl_typesupport_introspection_c
-- Install configuration: ""
-- Execute custom install script
-- Symlinking: /work/overlay/install/uw_interfaces/share/ament_index/resource_index/rosidl_interfaces/uw_interfaces
-- Symlinking: /work/overlay/install/uw_interfaces/share/uw_interfaces/msg/ControlRequest.json
-- Symlinking: /work/overlay/install/uw_interfaces/share/uw_interfaces/msg/AuthorizedCommand.json
-- Symlinking: /work/overlay/install/uw_interfaces/share/uw_interfaces/msg/ActuatorOutput.json
-- Symlinking: /work/overlay/install/uw_interfaces/share/uw_interfaces/srv/Control.json
-- Symlinking: /work/overlay/install/uw_interfaces/share/uw_interfaces/msg/NavigationGoal.json
-- Symlinking: /work/overlay/install/uw_interfaces/share/uw_interfaces/action/ExecuteMission.json
-- Symlinking: /work/overlay/install/uw_interfaces/include/uw_interfaces/uw_interfaces/action/detail/execute_mission__functions.h
-- Symlinking: /work/overlay/install/uw_interfaces/include/uw_interfaces/uw_interfaces/action/detail/execute_mission__struct.h
-- Symlinking: /work/overlay/install/uw_interfaces/include/uw_interfaces/uw_interfaces/action/detail/execute_mission__type_support.h
-- Symlinking: /work/overlay/install/uw_interfaces/include/uw_interfaces/uw_interfaces/action/execute_mission.h
-- Symlinking: /work/overlay/install/uw_interfaces/include/uw_interfaces/uw_interfaces/msg/actuator_output.h
-- Symlinking: /work/overlay/install/uw_interfaces/include/uw_interfaces/uw_interfaces/msg/authorized_command.h
-- Symlinking: /work/overlay/install/uw_interfaces/include/uw_interfaces/uw_interfaces/msg/control_request.h
-- Symlinking: /work/overlay/install/uw_interfaces/include/uw_interfaces/uw_interfaces/msg/detail/actuator_output__functions.h
-- Symlinking: /work/overlay/install/uw_interfaces/include/uw_interfaces/uw_interfaces/msg/detail/actuator_output__struct.h
-- Symlinking: /work/overlay/install/uw_interfaces/include/uw_interfaces/uw_interfaces/msg/detail/actuator_output__type_support.h
-- Symlinking: /work/overlay/install/uw_interfaces/include/uw_interfaces/uw_interfaces/msg/detail/authorized_command__functions.h
-- Symlinking: /work/overlay/install/uw_interfaces/include/uw_interfaces/uw_interfaces/msg/detail/authorized_command__struct.h
-- Symlinking: /work/overlay/install/uw_interfaces/include/uw_interfaces/uw_interfaces/msg/detail/authorized_command__type_support.h
-- Symlinking: /work/overlay/install/uw_interfaces/include/uw_interfaces/uw_interfaces/msg/detail/control_request__functions.h
-- Symlinking: /work/overlay/install/uw_interfaces/include/uw_interfaces/uw_interfaces/msg/detail/control_request__struct.h
-- Symlinking: /work/overlay/install/uw_interfaces/include/uw_interfaces/uw_interfaces/msg/detail/control_request__type_support.h
-- Symlinking: /work/overlay/install/uw_interfaces/include/uw_interfaces/uw_interfaces/msg/detail/navigation_goal__functions.h
-- Symlinking: /work/overlay/install/uw_interfaces/include/uw_interfaces/uw_interfaces/msg/detail/navigation_goal__struct.h
-- Symlinking: /work/overlay/install/uw_interfaces/include/uw_interfaces/uw_interfaces/msg/detail/navigation_goal__type_support.h
-- Symlinking: /work/overlay/install/uw_interfaces/include/uw_interfaces/uw_interfaces/msg/navigation_goal.h
-- Symlinking: /work/overlay/install/uw_interfaces/include/uw_interfaces/uw_interfaces/msg/rosidl_generator_c__visibility_control.h
-- Symlinking: /work/overlay/install/uw_interfaces/include/uw_interfaces/uw_interfaces/srv/control.h
-- Symlinking: /work/overlay/install/uw_interfaces/include/uw_interfaces/uw_interfaces/srv/detail/control__functions.h
-- Symlinking: /work/overlay/install/uw_interfaces/include/uw_interfaces/uw_interfaces/srv/detail/control__struct.h
-- Symlinking: /work/overlay/install/uw_interfaces/include/uw_interfaces/uw_interfaces/srv/detail/control__type_support.h
-- Symlinking: /work/overlay/install/uw_interfaces/share/uw_interfaces/environment/library_path.sh
-- Symlinking: /work/overlay/install/uw_interfaces/share/uw_interfaces/environment/library_path.dsv
-- Symlinking: /work/overlay/install/uw_interfaces/include/uw_interfaces/uw_interfaces/action/detail/execute_mission__rosidl_typesupport_fastrtps_c.h
-- Symlinking: /work/overlay/install/uw_interfaces/include/uw_interfaces/uw_interfaces/msg/detail/actuator_output__rosidl_typesupport_fastrtps_c.h
-- Symlinking: /work/overlay/install/uw_interfaces/include/uw_interfaces/uw_interfaces/msg/detail/authorized_command__rosidl_typesupport_fastrtps_c.h
-- Symlinking: /work/overlay/install/uw_interfaces/include/uw_interfaces/uw_interfaces/msg/detail/control_request__rosidl_typesupport_fastrtps_c.h
-- Symlinking: /work/overlay/install/uw_interfaces/include/uw_interfaces/uw_interfaces/msg/detail/navigation_goal__rosidl_typesupport_fastrtps_c.h
-- Symlinking: /work/overlay/install/uw_interfaces/include/uw_interfaces/uw_interfaces/msg/rosidl_typesupport_fastrtps_c__visibility_control.h
-- Symlinking: /work/overlay/install/uw_interfaces/include/uw_interfaces/uw_interfaces/srv/detail/control__rosidl_typesupport_fastrtps_c.h
-- Symlinking: /work/overlay/install/uw_interfaces/include/uw_interfaces/uw_interfaces/action/detail/execute_mission__rosidl_typesupport_introspection_c.h
-- Symlinking: /work/overlay/install/uw_interfaces/include/uw_interfaces/uw_interfaces/msg/detail/actuator_output__rosidl_typesupport_introspection_c.h
-- Symlinking: /work/overlay/install/uw_interfaces/include/uw_interfaces/uw_interfaces/msg/detail/authorized_command__rosidl_typesupport_introspection_c.h
-- Symlinking: /work/overlay/install/uw_interfaces/include/uw_interfaces/uw_interfaces/msg/detail/control_request__rosidl_typesupport_introspection_c.h
-- Symlinking: /work/overlay/install/uw_interfaces/include/uw_interfaces/uw_interfaces/msg/detail/navigation_goal__rosidl_typesupport_introspection_c.h
-- Symlinking: /work/overlay/install/uw_interfaces/include/uw_interfaces/uw_interfaces/msg/rosidl_typesupport_introspection_c__visibility_control.h
-- Symlinking: /work/overlay/install/uw_interfaces/include/uw_interfaces/uw_interfaces/srv/detail/control__rosidl_typesupport_introspection_c.h
-- Symlinking: /work/overlay/install/uw_interfaces/include/uw_interfaces/uw_interfaces/action/detail/execute_mission__builder.hpp
-- Symlinking: /work/overlay/install/uw_interfaces/include/uw_interfaces/uw_interfaces/action/detail/execute_mission__struct.hpp
-- Symlinking: /work/overlay/install/uw_interfaces/include/uw_interfaces/uw_interfaces/action/detail/execute_mission__traits.hpp
-- Symlinking: /work/overlay/install/uw_interfaces/include/uw_interfaces/uw_interfaces/action/detail/execute_mission__type_support.hpp
-- Symlinking: /work/overlay/install/uw_interfaces/include/uw_interfaces/uw_interfaces/action/execute_mission.hpp
-- Symlinking: /work/overlay/install/uw_interfaces/include/uw_interfaces/uw_interfaces/msg/actuator_output.hpp
-- Symlinking: /work/overlay/install/uw_interfaces/include/uw_interfaces/uw_interfaces/msg/authorized_command.hpp
-- Symlinking: /work/overlay/install/uw_interfaces/include/uw_interfaces/uw_interfaces/msg/control_request.hpp
-- Symlinking: /work/overlay/install/uw_interfaces/include/uw_interfaces/uw_interfaces/msg/detail/actuator_output__builder.hpp
-- Symlinking: /work/overlay/install/uw_interfaces/include/uw_interfaces/uw_interfaces/msg/detail/actuator_output__struct.hpp
-- Symlinking: /work/overlay/install/uw_interfaces/include/uw_interfaces/uw_interfaces/msg/detail/actuator_output__traits.hpp
-- Symlinking: /work/overlay/install/uw_interfaces/include/uw_interfaces/uw_interfaces/msg/detail/actuator_output__type_support.hpp
-- Symlinking: /work/overlay/install/uw_interfaces/include/uw_interfaces/uw_interfaces/msg/detail/authorized_command__builder.hpp
-- Symlinking: /work/overlay/install/uw_interfaces/include/uw_interfaces/uw_interfaces/msg/detail/authorized_command__struct.hpp
-- Symlinking: /work/overlay/install/uw_interfaces/include/uw_interfaces/uw_interfaces/msg/detail/authorized_command__traits.hpp
-- Symlinking: /work/overlay/install/uw_interfaces/include/uw_interfaces/uw_interfaces/msg/detail/authorized_command__type_support.hpp
-- Symlinking: /work/overlay/install/uw_interfaces/include/uw_interfaces/uw_interfaces/msg/detail/control_request__builder.hpp
-- Symlinking: /work/overlay/install/uw_interfaces/include/uw_interfaces/uw_interfaces/msg/detail/control_request__struct.hpp
-- Symlinking: /work/overlay/install/uw_interfaces/include/uw_interfaces/uw_interfaces/msg/detail/control_request__traits.hpp
-- Symlinking: /work/overlay/install/uw_interfaces/include/uw_interfaces/uw_interfaces/msg/detail/control_request__type_support.hpp
In file included from /opt/uw_src/ORB_SLAM3/Thirdparty/g2o/g2o/types/types_six_dof_expmap.h:37,
                 from /opt/uw_src/ORB_SLAM3/include/Converter.h:26,
                 from /opt/uw_src/ORB_SLAM3/include/Frame.h:33,
                 from /opt/uw_src/ORB_SLAM3/include/KeyFrame.h:28,
                 from /opt/uw_src/ORB_SLAM3/include/MapPoint.h:23,
                 from /opt/uw_src/ORB_SLAM3/include/FrameDrawer.h:24,
                 from /opt/uw_src/ORB_SLAM3/include/Viewer.h:23,
                 from /opt/uw_src/ORB_SLAM3/include/Tracking.h:26,
                 from /opt/uw_src/ORB_SLAM3/include/System.h:31,
                 from /workspace/localization/src/orbslam3_node.cpp:11:
/opt/uw_src/ORB_SLAM3/Thirdparty/g2o/g2o/types/../core/base_vertex.h:62:74: warning: ‘Eigen::AlignedBit’ is deprecated [-Wdeprecated-declarations]
   62 |     typedef Eigen::Map<Matrix<double, D, D>, Matrix<double,D,D>::Flags & AlignedBit ? Aligned : Unaligned >  HessianBlockType;
      |                                                                          ^~~~~~~~~~
In file included from /usr/include/eigen3/Eigen/Core:161,
                 from /usr/include/eigen3/Eigen/LU:11,
                 from /opt/uw_src/ORB_SLAM3/Thirdparty/Sophus/sophus/so2.hpp:12,
                 from /opt/uw_src/ORB_SLAM3/Thirdparty/Sophus/sophus/se2.hpp:7,
                 from /opt/uw_src/ORB_SLAM3/Thirdparty/Sophus/sophus/geometry.hpp:7,
                 from /opt/uw_src/ORB_SLAM3/include/Frame.h:28:
/usr/include/eigen3/Eigen/src/Core/util/Constants.h:167:37: note: declared here
  167 | EIGEN_DEPRECATED const unsigned int AlignedBit = 0x80;
      |                                     ^~~~~~~~~~
-- Symlinking: /work/overlay/install/uw_interfaces/include/uw_interfaces/uw_interfaces/msg/detail/navigation_goal__builder.hpp
In file included from /opt/uw_src/ORB_SLAM3/Thirdparty/g2o/g2o/types/types_six_dof_expmap.h:38:
/opt/uw_src/ORB_SLAM3/Thirdparty/g2o/g2o/types/../core/base_binary_edge.h:59:82: warning: ‘Eigen::AlignedBit’ is deprecated [-Wdeprecated-declarations]
   59 |       typedef Eigen::Map<Matrix<double, Di, Dj>, Matrix<double, Di, Dj>::Flags & AlignedBit ? Aligned : Unaligned > HessianBlockType;
      |                                                                                  ^~~~~~~~~~
/usr/include/eigen3/Eigen/src/Core/util/Constants.h:167:37: note: declared here
  167 | EIGEN_DEPRECATED const unsigned int AlignedBit = 0x80;
      |                                     ^~~~~~~~~~
/opt/uw_src/ORB_SLAM3/Thirdparty/g2o/g2o/types/../core/base_binary_edge.h:60:82: warning: ‘Eigen::AlignedBit’ is deprecated [-Wdeprecated-declarations]
   60 |       typedef Eigen::Map<Matrix<double, Dj, Di>, Matrix<double, Dj, Di>::Flags & AlignedBit ? Aligned : Unaligned > HessianBlockTransposedType;
      |                                                                                  ^~~~~~~~~~
/usr/include/eigen3/Eigen/src/Core/util/Constants.h:167:37: note: declared here
  167 | EIGEN_DEPRECATED const unsigned int AlignedBit = 0x80;
      |                                     ^~~~~~~~~~
-- Symlinking: /work/overlay/install/uw_interfaces/include/uw_interfaces/uw_interfaces/msg/detail/navigation_goal__struct.hpp
-- Symlinking: /work/overlay/install/uw_interfaces/include/uw_interfaces/uw_interfaces/msg/detail/navigation_goal__traits.hpp
-- Symlinking: /work/overlay/install/uw_interfaces/include/uw_interfaces/uw_interfaces/msg/detail/navigation_goal__type_support.hpp
-- Symlinking: /work/overlay/install/uw_interfaces/include/uw_interfaces/uw_interfaces/msg/navigation_goal.hpp
-- Symlinking: /work/overlay/install/uw_interfaces/include/uw_interfaces/uw_interfaces/msg/rosidl_generator_cpp__visibility_control.hpp
-- Symlinking: /work/overlay/install/uw_interfaces/include/uw_interfaces/uw_interfaces/srv/control.hpp
-- Symlinking: /work/overlay/install/uw_interfaces/include/uw_interfaces/uw_interfaces/srv/detail/control__builder.hpp
-- Symlinking: /work/overlay/install/uw_interfaces/include/uw_interfaces/uw_interfaces/srv/detail/control__struct.hpp
-- Symlinking: /work/overlay/install/uw_interfaces/include/uw_interfaces/uw_interfaces/srv/detail/control__traits.hpp
-- Symlinking: /work/overlay/install/uw_interfaces/include/uw_interfaces/uw_interfaces/srv/detail/control__type_support.hpp
-- Symlinking: /work/overlay/install/uw_interfaces/include/uw_interfaces/uw_interfaces/action/detail/execute_mission__rosidl_typesupport_fastrtps_cpp.hpp
-- Symlinking: /work/overlay/install/uw_interfaces/include/uw_interfaces/uw_interfaces/msg/detail/actuator_output__rosidl_typesupport_fastrtps_cpp.hpp
-- Symlinking: /work/overlay/install/uw_interfaces/include/uw_interfaces/uw_interfaces/msg/detail/authorized_command__rosidl_typesupport_fastrtps_cpp.hpp
-- Symlinking: /work/overlay/install/uw_interfaces/include/uw_interfaces/uw_interfaces/msg/detail/control_request__rosidl_typesupport_fastrtps_cpp.hpp
-- Symlinking: /work/overlay/install/uw_interfaces/include/uw_interfaces/uw_interfaces/msg/detail/navigation_goal__rosidl_typesupport_fastrtps_cpp.hpp
-- Symlinking: /work/overlay/install/uw_interfaces/include/uw_interfaces/uw_interfaces/msg/rosidl_typesupport_fastrtps_cpp__visibility_control.h
-- Symlinking: /work/overlay/install/uw_interfaces/include/uw_interfaces/uw_interfaces/srv/detail/control__rosidl_typesupport_fastrtps_cpp.hpp
-- Symlinking: /work/overlay/install/uw_interfaces/include/uw_interfaces/uw_interfaces/action/detail/execute_mission__rosidl_typesupport_introspection_cpp.hpp
-- Symlinking: /work/overlay/install/uw_interfaces/include/uw_interfaces/uw_interfaces/msg/detail/actuator_output__rosidl_typesupport_introspection_cpp.hpp
-- Symlinking: /work/overlay/install/uw_interfaces/include/uw_interfaces/uw_interfaces/msg/detail/authorized_command__rosidl_typesupport_introspection_cpp.hpp
-- Symlinking: /work/overlay/install/uw_interfaces/include/uw_interfaces/uw_interfaces/msg/detail/control_request__rosidl_typesupport_introspection_cpp.hpp
-- Symlinking: /work/overlay/install/uw_interfaces/include/uw_interfaces/uw_interfaces/msg/detail/navigation_goal__rosidl_typesupport_introspection_cpp.hpp
-- Symlinking: /work/overlay/install/uw_interfaces/include/uw_interfaces/uw_interfaces/srv/detail/control__rosidl_typesupport_introspection_cpp.hpp
-- Symlinking: /work/overlay/install/uw_interfaces/share/uw_interfaces/environment/pythonpath.sh
-- Symlinking: /work/overlay/install/uw_interfaces/share/uw_interfaces/environment/pythonpath.dsv
-- Symlinking: /work/overlay/install/uw_interfaces/lib/python3.12/site-packages/uw_interfaces-0.1.0-py3.12.egg-info/PKG-INFO
-- Symlinking: /work/overlay/install/uw_interfaces/lib/python3.12/site-packages/uw_interfaces-0.1.0-py3.12.egg-info/SOURCES.txt
-- Symlinking: /work/overlay/install/uw_interfaces/lib/python3.12/site-packages/uw_interfaces-0.1.0-py3.12.egg-info/dependency_links.txt
-- Symlinking: /work/overlay/install/uw_interfaces/lib/python3.12/site-packages/uw_interfaces-0.1.0-py3.12.egg-info/top_level.txt
/opt/uw_src/ORB_SLAM3/Thirdparty/g2o/g2o/types/../core/base_vertex.h: In instantiation of ‘class g2o::BaseVertex<3, Eigen::Matrix<double, 3, 1> >’:
/opt/uw_src/ORB_SLAM3/Thirdparty/g2o/g2o/types/types_sba.h:40:35:   required from here
/opt/uw_src/ORB_SLAM3/Thirdparty/g2o/g2o/types/../core/base_vertex.h:62:72: warning: ‘Eigen::AlignedBit’ is deprecated [-Wdeprecated-declarations]
   62 |     typedef Eigen::Map<Matrix<double, D, D>, Matrix<double,D,D>::Flags & AlignedBit ? Aligned : Unaligned >  HessianBlockType;
      |                                                                  ~~~~~~^~~~~~~~~~~~
/usr/include/eigen3/Eigen/src/Core/util/Constants.h:167:37: note: declared here
  167 | EIGEN_DEPRECATED const unsigned int AlignedBit = 0x80;
      |                                     ^~~~~~~~~~
-- Symlinking: /work/overlay/install/uw_interfaces/lib/python3.12/site-packages/uw_interfaces/__init__.py
-- Symlinking: /work/overlay/install/uw_interfaces/lib/python3.12/site-packages/uw_interfaces/_uw_interfaces_s.ep.rosidl_typesupport_c.c
/opt/uw_src/ORB_SLAM3/Thirdparty/g2o/g2o/types/../core/base_vertex.h: In instantiation of ‘class g2o::BaseVertex<6, g2o::SE3Quat>’:
/opt/uw_src/ORB_SLAM3/Thirdparty/g2o/g2o/types/types_six_dof_expmap.h:59:33:   required from here
/opt/uw_src/ORB_SLAM3/Thirdparty/g2o/g2o/types/../core/base_vertex.h:62:72: warning: ‘Eigen::AlignedBit’ is deprecated [-Wdeprecated-declarations]
   62 |     typedef Eigen::Map<Matrix<double, D, D>, Matrix<double,D,D>::Flags & AlignedBit ? Aligned : Unaligned >  HessianBlockType;
      |                                                                  ~~~~~~^~~~~~~~~~~~
/usr/include/eigen3/Eigen/src/Core/util/Constants.h:167:37: note: declared here
  167 | EIGEN_DEPRECATED const unsigned int AlignedBit = 0x80;
      |                                     ^~~~~~~~~~
-- Symlinking: /work/overlay/install/uw_interfaces/lib/python3.12/site-packages/uw_interfaces/_uw_interfaces_s.ep.rosidl_typesupport_fastrtps_c.c
-- Symlinking: /work/overlay/install/uw_interfaces/lib/python3.12/site-packages/uw_interfaces/_uw_interfaces_s.ep.rosidl_typesupport_introspection_c.c
/opt/uw_src/ORB_SLAM3/Thirdparty/g2o/g2o/types/../core/base_binary_edge.h: In instantiation of ‘class g2o::BaseBinaryEdge<6, g2o::SE3Quat, g2o::VertexSE3Expmap, g2o::VertexSE3Expmap>’:
/opt/uw_src/ORB_SLAM3/Thirdparty/g2o/g2o/types/types_six_dof_expmap.h:83:24:   required from here
/opt/uw_src/ORB_SLAM3/Thirdparty/g2o/g2o/types/../core/base_binary_edge.h:59:80: warning: ‘Eigen::AlignedBit’ is deprecated [-Wdeprecated-declarations]
   59 |       typedef Eigen::Map<Matrix<double, Di, Dj>, Matrix<double, Di, Dj>::Flags & AlignedBit ? Aligned : Unaligned > HessianBlockType;
      |                                                                          ~~~~~~^~~~~~~~~~~~
/usr/include/eigen3/Eigen/src/Core/util/Constants.h:167:37: note: declared here
  167 | EIGEN_DEPRECATED const unsigned int AlignedBit = 0x80;
      |                                     ^~~~~~~~~~
/opt/uw_src/ORB_SLAM3/Thirdparty/g2o/g2o/types/../core/base_binary_edge.h:60:80: warning: ‘Eigen::AlignedBit’ is deprecated [-Wdeprecated-declarations]
   60 |       typedef Eigen::Map<Matrix<double, Dj, Di>, Matrix<double, Dj, Di>::Flags & AlignedBit ? Aligned : Unaligned > HessianBlockTransposedType;
      |                                                                          ~~~~~~^~~~~~~~~~~~
/usr/include/eigen3/Eigen/src/Core/util/Constants.h:167:37: note: declared here
  167 | EIGEN_DEPRECATED const unsigned int AlignedBit = 0x80;
      |                                     ^~~~~~~~~~
-- Symlinking: /work/overlay/install/uw_interfaces/lib/python3.12/site-packages/uw_interfaces/action/__init__.py
-- Symlinking: /work/overlay/install/uw_interfaces/lib/python3.12/site-packages/uw_interfaces/action/_execute_mission.py
-- Symlinking: /work/overlay/install/uw_interfaces/lib/python3.12/site-packages/uw_interfaces/action/_execute_mission_s.c
-- Symlinking: /work/overlay/install/uw_interfaces/lib/python3.12/site-packages/uw_interfaces/msg/__init__.py
-- Symlinking: /work/overlay/install/uw_interfaces/lib/python3.12/site-packages/uw_interfaces/msg/_actuator_output.py
/opt/uw_src/ORB_SLAM3/Thirdparty/g2o/g2o/types/../core/base_binary_edge.h: In instantiation of ‘class g2o::BaseBinaryEdge<2, Eigen::Matrix<double, 2, 1>, g2o::VertexSBAPointXYZ, g2o::VertexSE3Expmap>’:
/opt/uw_src/ORB_SLAM3/Thirdparty/g2o/g2o/types/types_six_dof_expmap.h:114:35:   required from here
/opt/uw_src/ORB_SLAM3/Thirdparty/g2o/g2o/types/../core/base_binary_edge.h:59:80: warning: ‘Eigen::AlignedBit’ is deprecated [-Wdeprecated-declarations]
   59 |       typedef Eigen::Map<Matrix<double, Di, Dj>, Matrix<double, Di, Dj>::Flags & AlignedBit ? Aligned : Unaligned > HessianBlockType;
      |                                                                          ~~~~~~^~~~~~~~~~~~
/usr/include/eigen3/Eigen/src/Core/util/Constants.h:167:37: note: declared here
  167 | EIGEN_DEPRECATED const unsigned int AlignedBit = 0x80;
      |                                     ^~~~~~~~~~
-- Symlinking: /work/overlay/install/uw_interfaces/lib/python3.12/site-packages/uw_interfaces/msg/_actuator_output_s.c
/opt/uw_src/ORB_SLAM3/Thirdparty/g2o/g2o/types/../core/base_binary_edge.h:60:80: warning: ‘Eigen::AlignedBit’ is deprecated [-Wdeprecated-declarations]
   60 |       typedef Eigen::Map<Matrix<double, Dj, Di>, Matrix<double, Dj, Di>::Flags & AlignedBit ? Aligned : Unaligned > HessianBlockTransposedType;
      |                                                                          ~~~~~~^~~~~~~~~~~~
/usr/include/eigen3/Eigen/src/Core/util/Constants.h:167:37: note: declared here
  167 | EIGEN_DEPRECATED const unsigned int AlignedBit = 0x80;
      |                                     ^~~~~~~~~~
-- Symlinking: /work/overlay/install/uw_interfaces/lib/python3.12/site-packages/uw_interfaces/msg/_authorized_command.py
-- Symlinking: /work/overlay/install/uw_interfaces/lib/python3.12/site-packages/uw_interfaces/msg/_authorized_command_s.c
-- Symlinking: /work/overlay/install/uw_interfaces/lib/python3.12/site-packages/uw_interfaces/msg/_control_request.py
-- Symlinking: /work/overlay/install/uw_interfaces/lib/python3.12/site-packages/uw_interfaces/msg/_control_request_s.c
/opt/uw_src/ORB_SLAM3/Thirdparty/g2o/g2o/types/../core/base_binary_edge.h: In instantiation of ‘class g2o::BaseBinaryEdge<3, Eigen::Matrix<double, 3, 1>, g2o::VertexSBAPointXYZ, g2o::VertexSE3Expmap>’:
/opt/uw_src/ORB_SLAM3/Thirdparty/g2o/g2o/types/types_six_dof_expmap.h:146:41:   required from here
/opt/uw_src/ORB_SLAM3/Thirdparty/g2o/g2o/types/../core/base_binary_edge.h:59:80: warning: ‘Eigen::AlignedBit’ is deprecated [-Wdeprecated-declarations]
   59 |       typedef Eigen::Map<Matrix<double, Di, Dj>, Matrix<double, Di, Dj>::Flags & AlignedBit ? Aligned : Unaligned > HessianBlockType;
      |                                                                          ~~~~~~^~~~~~~~~~~~
/usr/include/eigen3/Eigen/src/Core/util/Constants.h:167:37: note: declared here
  167 | EIGEN_DEPRECATED const unsigned int AlignedBit = 0x80;
      |                                     ^~~~~~~~~~
/opt/uw_src/ORB_SLAM3/Thirdparty/g2o/g2o/types/../core/base_binary_edge.h:60:80: warning: ‘Eigen::AlignedBit’ is deprecated [-Wdeprecated-declarations]
   60 |       typedef Eigen::Map<Matrix<double, Dj, Di>, Matrix<double, Dj, Di>::Flags & AlignedBit ? Aligned : Unaligned > HessianBlockTransposedType;
      |                                                                          ~~~~~~^~~~~~~~~~~~
/usr/include/eigen3/Eigen/src/Core/util/Constants.h:167:37: note: declared here
  167 | EIGEN_DEPRECATED const unsigned int AlignedBit = 0x80;
      |                                     ^~~~~~~~~~
-- Symlinking: /work/overlay/install/uw_interfaces/lib/python3.12/site-packages/uw_interfaces/msg/_navigation_goal.py
-- Symlinking: /work/overlay/install/uw_interfaces/lib/python3.12/site-packages/uw_interfaces/msg/_navigation_goal_s.c
-- Symlinking: /work/overlay/install/uw_interfaces/lib/python3.12/site-packages/uw_interfaces/srv/__init__.py
-- Symlinking: /work/overlay/install/uw_interfaces/lib/python3.12/site-packages/uw_interfaces/srv/_control.py
-- Symlinking: /work/overlay/install/uw_interfaces/lib/python3.12/site-packages/uw_interfaces/srv/_control_s.c
-- Symlinking: /work/overlay/install/uw_interfaces/lib/python3.12/site-packages/uw_interfaces/uw_interfaces_s__rosidl_typesupport_c.so
-- Symlinking: /work/overlay/install/uw_interfaces/lib/python3.12/site-packages/uw_interfaces/uw_interfaces_s__rosidl_typesupport_fastrtps_c.so
-- Symlinking: /work/overlay/install/uw_interfaces/lib/python3.12/site-packages/uw_interfaces/uw_interfaces_s__rosidl_typesupport_introspection_c.so
-- Up-to-date symlink: /work/overlay/install/uw_interfaces/lib/python3.12/site-packages/uw_interfaces/uw_interfaces_s__rosidl_typesupport_fastrtps_c.so
-- Up-to-date symlink: /work/overlay/install/uw_interfaces/lib/python3.12/site-packages/uw_interfaces/uw_interfaces_s__rosidl_typesupport_introspection_c.so
-- Up-to-date symlink: /work/overlay/install/uw_interfaces/lib/python3.12/site-packages/uw_interfaces/uw_interfaces_s__rosidl_typesupport_c.so
-- Symlinking: /work/overlay/install/uw_interfaces/share/uw_interfaces/rust/Cargo.toml
-- Symlinking: /work/overlay/install/uw_interfaces/share/uw_interfaces/rust/build.rs
-- Symlinking: /work/overlay/install/uw_interfaces/share/uw_interfaces/rust/src/action.rs
-- Symlinking: /work/overlay/install/uw_interfaces/share/uw_interfaces/rust/src/action/rmw.rs
-- Symlinking: /work/overlay/install/uw_interfaces/share/uw_interfaces/rust/src/lib.rs
-- Symlinking: /work/overlay/install/uw_interfaces/share/uw_interfaces/rust/src/msg.rs
-- Symlinking: /work/overlay/install/uw_interfaces/share/uw_interfaces/rust/src/msg/rmw.rs
/opt/uw_src/ORB_SLAM3/Thirdparty/g2o/g2o/types/../core/base_vertex.h: In instantiation of ‘class g2o::BaseVertex<7, g2o::Sim3>’:
/opt/uw_src/ORB_SLAM3/Thirdparty/g2o/g2o/types/types_seven_dof_expmap.h:48:35:   required from here
/opt/uw_src/ORB_SLAM3/Thirdparty/g2o/g2o/types/../core/base_vertex.h:62:72: warning: ‘Eigen::AlignedBit’ is deprecated [-Wdeprecated-declarations]
   62 |     typedef Eigen::Map<Matrix<double, D, D>, Matrix<double,D,D>::Flags & AlignedBit ? Aligned : Unaligned >  HessianBlockType;
      |                                                                  ~~~~~~^~~~~~~~~~~~
/usr/include/eigen3/Eigen/src/Core/util/Constants.h:167:37: note: declared here
  167 | EIGEN_DEPRECATED const unsigned int AlignedBit = 0x80;
      |                                     ^~~~~~~~~~
-- Symlinking: /work/overlay/install/uw_interfaces/share/uw_interfaces/rust/src/srv.rs
-- Symlinking: /work/overlay/install/uw_interfaces/share/uw_interfaces/rust/src/srv/rmw.rs
/opt/uw_src/ORB_SLAM3/Thirdparty/g2o/g2o/types/../core/base_binary_edge.h: In instantiation of ‘class g2o::BaseBinaryEdge<7, g2o::Sim3, g2o::VertexSim3Expmap, g2o::VertexSim3Expmap>’:
/opt/uw_src/ORB_SLAM3/Thirdparty/g2o/g2o/types/types_seven_dof_expmap.h:99:27:   required from here
/opt/uw_src/ORB_SLAM3/Thirdparty/g2o/g2o/types/../core/base_binary_edge.h:59:80: warning: ‘Eigen::AlignedBit’ is deprecated [-Wdeprecated-declarations]
   59 |       typedef Eigen::Map<Matrix<double, Di, Dj>, Matrix<double, Di, Dj>::Flags & AlignedBit ? Aligned : Unaligned > HessianBlockType;
      |                                                                          ~~~~~~^~~~~~~~~~~~
/usr/include/eigen3/Eigen/src/Core/util/Constants.h:167:37: note: declared here
  167 | EIGEN_DEPRECATED const unsigned int AlignedBit = 0x80;
      |                                     ^~~~~~~~~~
/opt/uw_src/ORB_SLAM3/Thirdparty/g2o/g2o/types/../core/base_binary_edge.h:60:80: warning: ‘Eigen::AlignedBit’ is deprecated [-Wdeprecated-declarations]
   60 |       typedef Eigen::Map<Matrix<double, Dj, Di>, Matrix<double, Dj, Di>::Flags & AlignedBit ? Aligned : Unaligned > HessianBlockTransposedType;
      |                                                                          ~~~~~~^~~~~~~~~~~~
/usr/include/eigen3/Eigen/src/Core/util/Constants.h:167:37: note: declared here
  167 | EIGEN_DEPRECATED const unsigned int AlignedBit = 0x80;
      |                                     ^~~~~~~~~~
-- Symlinking: /work/overlay/install/uw_interfaces/share/uw_interfaces/msg/ControlRequest.idl
-- Symlinking: /work/overlay/install/uw_interfaces/share/uw_interfaces/msg/AuthorizedCommand.idl
-- Symlinking: /work/overlay/install/uw_interfaces/share/uw_interfaces/msg/ActuatorOutput.idl
/opt/uw_src/ORB_SLAM3/Thirdparty/g2o/g2o/types/../core/base_binary_edge.h: In instantiation of ‘class g2o::BaseBinaryEdge<2, Eigen::Matrix<double, 2, 1>, g2o::VertexSBAPointXYZ, g2o::VertexSim3Expmap>’:
/opt/uw_src/ORB_SLAM3/Thirdparty/g2o/g2o/types/types_seven_dof_expmap.h:130:36:   required from here
/opt/uw_src/ORB_SLAM3/Thirdparty/g2o/g2o/types/../core/base_binary_edge.h:59:80: warning: ‘Eigen::AlignedBit’ is deprecated [-Wdeprecated-declarations]
   59 |       typedef Eigen::Map<Matrix<double, Di, Dj>, Matrix<double, Di, Dj>::Flags & AlignedBit ? Aligned : Unaligned > HessianBlockType;
      |                                                                          ~~~~~~^~~~~~~~~~~~
/usr/include/eigen3/Eigen/src/Core/util/Constants.h:167:37: note: declared here
  167 | EIGEN_DEPRECATED const unsigned int AlignedBit = 0x80;
      |                                     ^~~~~~~~~~
-- Symlinking: /work/overlay/install/uw_interfaces/share/uw_interfaces/srv/Control.idl
-- Symlinking: /work/overlay/install/uw_interfaces/share/uw_interfaces/msg/NavigationGoal.idl
/opt/uw_src/ORB_SLAM3/Thirdparty/g2o/g2o/types/../core/base_binary_edge.h:60:80: warning: ‘Eigen::AlignedBit’ is deprecated [-Wdeprecated-declarations]
   60 |       typedef Eigen::Map<Matrix<double, Dj, Di>, Matrix<double, Dj, Di>::Flags & AlignedBit ? Aligned : Unaligned > HessianBlockTransposedType;
      |                                                                          ~~~~~~^~~~~~~~~~~~
/usr/include/eigen3/Eigen/src/Core/util/Constants.h:167:37: note: declared here
  167 | EIGEN_DEPRECATED const unsigned int AlignedBit = 0x80;
      |                                     ^~~~~~~~~~
-- Symlinking: /work/overlay/install/uw_interfaces/share/uw_interfaces/action/ExecuteMission.idl
-- Symlinking: /work/overlay/install/uw_interfaces/share/uw_interfaces/msg/ControlRequest.msg
-- Symlinking: /work/overlay/install/uw_interfaces/share/uw_interfaces/msg/AuthorizedCommand.msg
-- Symlinking: /work/overlay/install/uw_interfaces/share/uw_interfaces/msg/ActuatorOutput.msg
-- Symlinking: /work/overlay/install/uw_interfaces/share/uw_interfaces/srv/Control.srv
-- Symlinking: /work/overlay/install/uw_interfaces/share/uw_interfaces/msg/NavigationGoal.msg
-- Symlinking: /work/overlay/install/uw_interfaces/share/uw_interfaces/action/ExecuteMission.action
-- Symlinking: /work/overlay/install/uw_interfaces/share/ament_index/resource_index/package_run_dependencies/uw_interfaces
-- Symlinking: /work/overlay/install/uw_interfaces/share/ament_index/resource_index/parent_prefix_path/uw_interfaces
-- Symlinking: /work/overlay/install/uw_interfaces/share/uw_interfaces/environment/ament_prefix_path.sh
-- Symlinking: /work/overlay/install/uw_interfaces/share/uw_interfaces/environment/ament_prefix_path.dsv
-- Symlinking: /work/overlay/install/uw_interfaces/share/uw_interfaces/environment/path.sh
-- Symlinking: /work/overlay/install/uw_interfaces/share/uw_interfaces/environment/path.dsv
-- Symlinking: /work/overlay/install/uw_interfaces/share/uw_interfaces/local_setup.bash
-- Symlinking: /work/overlay/install/uw_interfaces/share/uw_interfaces/local_setup.sh
-- Symlinking: /work/overlay/install/uw_interfaces/share/uw_interfaces/local_setup.zsh
-- Symlinking: /work/overlay/install/uw_interfaces/share/uw_interfaces/local_setup.dsv
-- Symlinking: /work/overlay/install/uw_interfaces/share/uw_interfaces/package.dsv
-- Symlinking: /work/overlay/install/uw_interfaces/share/ament_index/resource_index/packages/uw_interfaces
-- Symlinking: /work/overlay/install/uw_interfaces/share/uw_interfaces/cmake/rosidl_cmake-extras.cmake
-- Symlinking: /work/overlay/install/uw_interfaces/share/uw_interfaces/cmake/ament_cmake_export_dependencies-extras.cmake
-- Symlinking: /work/overlay/install/uw_interfaces/share/uw_interfaces/cmake/ament_cmake_export_include_directories-extras.cmake
-- Symlinking: /work/overlay/install/uw_interfaces/share/uw_interfaces/cmake/ament_cmake_export_libraries-extras.cmake
-- Symlinking: /work/overlay/install/uw_interfaces/share/uw_interfaces/cmake/ament_cmake_export_targets-extras.cmake
-- Symlinking: /work/overlay/install/uw_interfaces/share/uw_interfaces/cmake/rosidl_cmake_export_typesupport_targets-extras.cmake
-- Symlinking: /work/overlay/install/uw_interfaces/share/uw_interfaces/cmake/rosidl_cmake_export_typesupport_libraries-extras.cmake
-- Symlinking: /work/overlay/install/uw_interfaces/share/uw_interfaces/cmake/rosidl_cmake_aggregate_target-extras.cmake
-- Symlinking: /work/overlay/install/uw_interfaces/share/uw_interfaces/cmake/uw_interfacesConfig.cmake
-- Symlinking: /work/overlay/install/uw_interfaces/share/uw_interfaces/cmake/uw_interfacesConfig-version.cmake
-- Symlinking: /work/overlay/install/uw_interfaces/share/uw_interfaces/package.xml
-- Installing: /work/overlay/install/uw_interfaces/lib/libuw_interfaces__rosidl_generator_c.so
-- Set non-toolchain portion of runtime path of "/work/overlay/install/uw_interfaces/lib/libuw_interfaces__rosidl_generator_c.so" to ""
-- Installing: /work/overlay/install/uw_interfaces/lib/libuw_interfaces__rosidl_typesupport_fastrtps_c.so
-- Set non-toolchain portion of runtime path of "/work/overlay/install/uw_interfaces/lib/libuw_interfaces__rosidl_typesupport_fastrtps_c.so" to ""
-- Installing: /work/overlay/install/uw_interfaces/lib/libuw_interfaces__rosidl_typesupport_introspection_c.so
-- Set non-toolchain portion of runtime path of "/work/overlay/install/uw_interfaces/lib/libuw_interfaces__rosidl_typesupport_introspection_c.so" to ""
-- Installing: /work/overlay/install/uw_interfaces/lib/libuw_interfaces__rosidl_typesupport_c.so
-- Set non-toolchain portion of runtime path of "/work/overlay/install/uw_interfaces/lib/libuw_interfaces__rosidl_typesupport_c.so" to ""
-- Installing: /work/overlay/install/uw_interfaces/lib/libuw_interfaces__rosidl_typesupport_fastrtps_cpp.so
-- Set non-toolchain portion of runtime path of "/work/overlay/install/uw_interfaces/lib/libuw_interfaces__rosidl_typesupport_fastrtps_cpp.so" to ""
-- Installing: /work/overlay/install/uw_interfaces/lib/libuw_interfaces__rosidl_typesupport_introspection_cpp.so
-- Set non-toolchain portion of runtime path of "/work/overlay/install/uw_interfaces/lib/libuw_interfaces__rosidl_typesupport_introspection_cpp.so" to ""
-- Installing: /work/overlay/install/uw_interfaces/lib/libuw_interfaces__rosidl_typesupport_cpp.so
-- Set non-toolchain portion of runtime path of "/work/overlay/install/uw_interfaces/lib/libuw_interfaces__rosidl_typesupport_cpp.so" to ""
Listing '/work/overlay/install/uw_interfaces/lib/python3.12/site-packages/uw_interfaces'...
Compiling '/work/overlay/install/uw_interfaces/lib/python3.12/site-packages/uw_interfaces/__init__.py'...
Listing '/work/overlay/install/uw_interfaces/lib/python3.12/site-packages/uw_interfaces/action'...
Compiling '/work/overlay/install/uw_interfaces/lib/python3.12/site-packages/uw_interfaces/action/__init__.py'...
Compiling '/work/overlay/install/uw_interfaces/lib/python3.12/site-packages/uw_interfaces/action/_execute_mission.py'...
Listing '/work/overlay/install/uw_interfaces/lib/python3.12/site-packages/uw_interfaces/msg'...
Compiling '/work/overlay/install/uw_interfaces/lib/python3.12/site-packages/uw_interfaces/msg/__init__.py'...
Compiling '/work/overlay/install/uw_interfaces/lib/python3.12/site-packages/uw_interfaces/msg/_actuator_output.py'...
Compiling '/work/overlay/install/uw_interfaces/lib/python3.12/site-packages/uw_interfaces/msg/_authorized_command.py'...
Compiling '/work/overlay/install/uw_interfaces/lib/python3.12/site-packages/uw_interfaces/msg/_control_request.py'...
Compiling '/work/overlay/install/uw_interfaces/lib/python3.12/site-packages/uw_interfaces/msg/_navigation_goal.py'...
Listing '/work/overlay/install/uw_interfaces/lib/python3.12/site-packages/uw_interfaces/srv'...
Compiling '/work/overlay/install/uw_interfaces/lib/python3.12/site-packages/uw_interfaces/srv/__init__.py'...
Compiling '/work/overlay/install/uw_interfaces/lib/python3.12/site-packages/uw_interfaces/srv/_control.py'...
-- Installing: /work/overlay/install/uw_interfaces/lib/libuw_interfaces__rosidl_generator_py.so
-- Set non-toolchain portion of runtime path of "/work/overlay/install/uw_interfaces/lib/libuw_interfaces__rosidl_generator_py.so" to ""
-- Installing: /work/overlay/install/uw_interfaces/share/uw_interfaces/cmake/export_uw_interfaces__rosidl_generator_cExport.cmake
-- Installing: /work/overlay/install/uw_interfaces/share/uw_interfaces/cmake/export_uw_interfaces__rosidl_generator_cExport-noconfig.cmake
-- Installing: /work/overlay/install/uw_interfaces/share/uw_interfaces/cmake/export_uw_interfaces__rosidl_typesupport_fastrtps_cExport.cmake
-- Installing: /work/overlay/install/uw_interfaces/share/uw_interfaces/cmake/export_uw_interfaces__rosidl_typesupport_fastrtps_cExport-noconfig.cmake
-- Installing: /work/overlay/install/uw_interfaces/share/uw_interfaces/cmake/uw_interfaces__rosidl_typesupport_introspection_cExport.cmake
-- Installing: /work/overlay/install/uw_interfaces/share/uw_interfaces/cmake/uw_interfaces__rosidl_typesupport_introspection_cExport-noconfig.cmake
-- Installing: /work/overlay/install/uw_interfaces/share/uw_interfaces/cmake/uw_interfaces__rosidl_typesupport_cExport.cmake
-- Installing: /work/overlay/install/uw_interfaces/share/uw_interfaces/cmake/uw_interfaces__rosidl_typesupport_cExport-noconfig.cmake
-- Installing: /work/overlay/install/uw_interfaces/share/uw_interfaces/cmake/export_uw_interfaces__rosidl_generator_cppExport.cmake
-- Installing: /work/overlay/install/uw_interfaces/share/uw_interfaces/cmake/export_uw_interfaces__rosidl_typesupport_fastrtps_cppExport.cmake
-- Installing: /work/overlay/install/uw_interfaces/share/uw_interfaces/cmake/export_uw_interfaces__rosidl_typesupport_fastrtps_cppExport-noconfig.cmake
-- Installing: /work/overlay/install/uw_interfaces/share/uw_interfaces/cmake/uw_interfaces__rosidl_typesupport_introspection_cppExport.cmake
-- Installing: /work/overlay/install/uw_interfaces/share/uw_interfaces/cmake/uw_interfaces__rosidl_typesupport_introspection_cppExport-noconfig.cmake
-- Installing: /work/overlay/install/uw_interfaces/share/uw_interfaces/cmake/uw_interfaces__rosidl_typesupport_cppExport.cmake
-- Installing: /work/overlay/install/uw_interfaces/share/uw_interfaces/cmake/uw_interfaces__rosidl_typesupport_cppExport-noconfig.cmake
-- Installing: /work/overlay/install/uw_interfaces/share/uw_interfaces/cmake/export_uw_interfaces__rosidl_generator_pyExport.cmake
-- Installing: /work/overlay/install/uw_interfaces/share/uw_interfaces/cmake/export_uw_interfaces__rosidl_generator_pyExport-noconfig.cmake
Finished <<< uw_interfaces [6.36s]
Starting >>> uw_navigation
Starting >>> uw_simulations
Starting >>> uw_controller
Starting >>> uw_guard
running develop
running develop
running develop
running egg_info
creating uw_navigation.egg-info
writing uw_navigation.egg-info/PKG-INFO
writing dependency_links to uw_navigation.egg-info/dependency_links.txt
writing entry points to uw_navigation.egg-info/entry_points.txt
writing requirements to uw_navigation.egg-info/requires.txt
writing top-level names to uw_navigation.egg-info/top_level.txt
writing manifest file 'uw_navigation.egg-info/SOURCES.txt'
running egg_info
creating uw_guard.egg-info
writing uw_guard.egg-info/PKG-INFO
writing dependency_links to uw_guard.egg-info/dependency_links.txt
writing entry points to uw_guard.egg-info/entry_points.txt
writing requirements to uw_guard.egg-info/requires.txt
writing top-level names to uw_guard.egg-info/top_level.txt
writing manifest file 'uw_guard.egg-info/SOURCES.txt'
reading manifest file 'uw_navigation.egg-info/SOURCES.txt'
writing manifest file 'uw_navigation.egg-info/SOURCES.txt'
reading manifest file 'uw_guard.egg-info/SOURCES.txt'
writing manifest file 'uw_guard.egg-info/SOURCES.txt'
running build_ext
Creating /work/overlay/install/uw_navigation/lib/python3.12/site-packages/uw-navigation.egg-link (link to .)
Installing tracker script to /work/overlay/install/uw_navigation/lib/uw_navigation

Installed /work/overlay/build/uw_navigation
running symlink_data
creating /work/overlay/install/uw_navigation/share/ament_index
creating /work/overlay/install/uw_navigation/share/ament_index/resource_index
creating /work/overlay/install/uw_navigation/share/ament_index/resource_index/packages
symbolically linking /work/overlay/build/uw_navigation/resource/uw_navigation -> /work/overlay/install/uw_navigation/share/ament_index/resource_index/packages
symbolically linking /work/overlay/build/uw_navigation/package.xml -> /work/overlay/install/uw_navigation/share/uw_navigation
creating /work/overlay/install/uw_navigation/share/uw_navigation/config
symbolically linking /work/overlay/build/uw_navigation/config/defaults.yaml -> /work/overlay/install/uw_navigation/share/uw_navigation/config
running build_ext
Creating /work/overlay/install/uw_guard/lib/python3.12/site-packages/uw-guard.egg-link (link to .)
Installing control_cli script to /work/overlay/install/uw_guard/lib/uw_guard
Installing guard script to /work/overlay/install/uw_guard/lib/uw_guard

Installed /work/overlay/build/uw_guard
running symlink_data
creating /work/overlay/install/uw_guard/share/ament_index
creating /work/overlay/install/uw_guard/share/ament_index/resource_index
creating /work/overlay/install/uw_guard/share/ament_index/resource_index/packages
symbolically linking /work/overlay/build/uw_guard/resource/uw_guard -> /work/overlay/install/uw_guard/share/ament_index/resource_index/packages
symbolically linking /work/overlay/build/uw_guard/package.xml -> /work/overlay/install/uw_guard/share/uw_guard
creating /work/overlay/install/uw_guard/share/uw_guard/config
symbolically linking /work/overlay/build/uw_guard/config/defaults.yaml -> /work/overlay/install/uw_guard/share/uw_guard/config
Finished <<< uw_guard [1.18s]
Finished <<< uw_navigation [1.19s]
Starting >>> uw_tasks
running egg_info
creating uw_controller.egg-info
writing uw_controller.egg-info/PKG-INFO
writing dependency_links to uw_controller.egg-info/dependency_links.txt
writing entry points to uw_controller.egg-info/entry_points.txt
writing requirements to uw_controller.egg-info/requires.txt
writing top-level names to uw_controller.egg-info/top_level.txt
writing manifest file 'uw_controller.egg-info/SOURCES.txt'
reading manifest file 'uw_controller.egg-info/SOURCES.txt'
writing manifest file 'uw_controller.egg-info/SOURCES.txt'
running build_ext
Creating /work/overlay/install/uw_controller/lib/python3.12/site-packages/uw-controller.egg-link (link to .)
Installing body_velocity script to /work/overlay/install/uw_controller/lib/uw_controller

Installed /work/overlay/build/uw_controller
running symlink_data
creating /work/overlay/install/uw_controller/share/ament_index
creating /work/overlay/install/uw_controller/share/ament_index/resource_index
creating /work/overlay/install/uw_controller/share/ament_index/resource_index/packages
symbolically linking /work/overlay/build/uw_controller/resource/uw_controller -> /work/overlay/install/uw_controller/share/ament_index/resource_index/packages
symbolically linking /work/overlay/build/uw_controller/package.xml -> /work/overlay/install/uw_controller/share/uw_controller
creating /work/overlay/install/uw_controller/share/uw_controller/config
symbolically linking /work/overlay/build/uw_controller/config/defaults.yaml -> /work/overlay/install/uw_controller/share/uw_controller/config
running develop
Finished <<< uw_controller [1.30s]
running egg_info
creating uw_simulations.egg-info
writing uw_simulations.egg-info/PKG-INFO
writing dependency_links to uw_simulations.egg-info/dependency_links.txt
writing entry points to uw_simulations.egg-info/entry_points.txt
writing requirements to uw_simulations.egg-info/requires.txt
writing top-level names to uw_simulations.egg-info/top_level.txt
writing manifest file 'uw_simulations.egg-info/SOURCES.txt'
reading manifest file 'uw_simulations.egg-info/SOURCES.txt'
writing manifest file 'uw_simulations.egg-info/SOURCES.txt'
running build_ext
Creating /work/overlay/install/uw_simulations/lib/python3.12/site-packages/uw-simulations.egg-link (link to .)
Installing actuator_adapter script to /work/overlay/install/uw_simulations/lib/uw_simulations
Installing m2_debug_truth script to /work/overlay/install/uw_simulations/lib/uw_simulations
Installing observation_adapter script to /work/overlay/install/uw_simulations/lib/uw_simulations

Installed /work/overlay/build/uw_simulations
running symlink_data
creating /work/overlay/install/uw_simulations/share/ament_index
creating /work/overlay/install/uw_simulations/share/ament_index/resource_index
creating /work/overlay/install/uw_simulations/share/ament_index/resource_index/packages
symbolically linking /work/overlay/build/uw_simulations/resource/uw_simulations -> /work/overlay/install/uw_simulations/share/ament_index/resource_index/packages
symbolically linking /work/overlay/build/uw_simulations/package.xml -> /work/overlay/install/uw_simulations/share/uw_simulations
creating /work/overlay/install/uw_simulations/share/uw_simulations/scenarios
symbolically linking /work/overlay/build/uw_simulations/scenarios/empty_water.scn -> /work/overlay/install/uw_simulations/share/uw_simulations/scenarios
Finished <<< uw_simulations [1.37s]
[ 66%] Linking CXX executable orbslam3_atlas_check
[ 66%] Built target orbslam3_atlas_check
running develop
running egg_info
creating uw_tasks.egg-info
writing uw_tasks.egg-info/PKG-INFO
writing dependency_links to uw_tasks.egg-info/dependency_links.txt
writing entry points to uw_tasks.egg-info/entry_points.txt
writing requirements to uw_tasks.egg-info/requires.txt
writing top-level names to uw_tasks.egg-info/top_level.txt
writing manifest file 'uw_tasks.egg-info/SOURCES.txt'
reading manifest file 'uw_tasks.egg-info/SOURCES.txt'
writing manifest file 'uw_tasks.egg-info/SOURCES.txt'
running build_ext
Creating /work/overlay/install/uw_tasks/lib/python3.12/site-packages/uw-tasks.egg-link (link to .)
Installing mission_cli script to /work/overlay/install/uw_tasks/lib/uw_tasks
Installing missions script to /work/overlay/install/uw_tasks/lib/uw_tasks

Installed /work/overlay/build/uw_tasks
running symlink_data
creating /work/overlay/install/uw_tasks/share/ament_index
creating /work/overlay/install/uw_tasks/share/ament_index/resource_index
creating /work/overlay/install/uw_tasks/share/ament_index/resource_index/packages
symbolically linking /work/overlay/build/uw_tasks/resource/uw_tasks -> /work/overlay/install/uw_tasks/share/ament_index/resource_index/packages
symbolically linking /work/overlay/build/uw_tasks/package.xml -> /work/overlay/install/uw_tasks/share/uw_tasks
creating /work/overlay/install/uw_tasks/share/uw_tasks/config
symbolically linking /work/overlay/build/uw_tasks/config/defaults.yaml -> /work/overlay/install/uw_tasks/share/uw_tasks/config
Finished <<< uw_tasks [0.79s]
[ 83%] Linking CXX executable orbslam3
[ 83%] Built target orbslam3
[100%] Linking CXX executable openvins
[100%] Built target openvins
-- Install configuration: ""
-- Execute custom install script
-- Symlinking: /work/overlay/install/uw_localization/share/uw_localization/environment/pythonpath.sh
-- Symlinking: /work/overlay/install/uw_localization/share/uw_localization/environment/pythonpath.dsv
-- Symlinking: /work/overlay/install/uw_localization/lib/python3.12/site-packages/uw_localization-0.2.0-py3.12.egg-info/PKG-INFO
-- Symlinking: /work/overlay/install/uw_localization/lib/python3.12/site-packages/uw_localization-0.2.0-py3.12.egg-info/SOURCES.txt
-- Symlinking: /work/overlay/install/uw_localization/lib/python3.12/site-packages/uw_localization-0.2.0-py3.12.egg-info/dependency_links.txt
-- Symlinking: /work/overlay/install/uw_localization/lib/python3.12/site-packages/uw_localization-0.2.0-py3.12.egg-info/top_level.txt
-- Symlinking: /work/overlay/install/uw_localization/lib/python3.12/site-packages/uw_localization/__init__.py
-- Symlinking: /work/overlay/install/uw_localization/lib/python3.12/site-packages/uw_localization/artifacts.py
-- Symlinking: /work/overlay/install/uw_localization/lib/python3.12/site-packages/uw_localization/orbslam3.py
-- Symlinking: /work/overlay/install/uw_localization/lib/python3.12/site-packages/uw_localization/rtabmap.py
-- Symlinking: /work/overlay/install/uw_localization/lib/uw_localization/openvins
-- Symlinking: /work/overlay/install/uw_localization/share/uw_localization/config/imu.yaml
-- Symlinking: /work/overlay/install/uw_localization/share/uw_localization/config/openvins.yaml
-- Symlinking: /work/overlay/install/uw_localization/share/uw_localization/config/orbslam3_stereo.yaml
-- Symlinking: /work/overlay/install/uw_localization/share/uw_localization/config/rtabmap_stereo.yaml
-- Symlinking: /work/overlay/install/uw_localization/lib/uw_localization/orbslam3
-- Symlinking: /work/overlay/install/uw_localization/lib/uw_localization/orbslam3_atlas_check
-- Symlinking: /work/overlay/install/uw_localization/share/ament_index/resource_index/package_run_dependencies/uw_localization
-- Symlinking: /work/overlay/install/uw_localization/share/ament_index/resource_index/parent_prefix_path/uw_localization
-- Symlinking: /work/overlay/install/uw_localization/share/uw_localization/environment/ament_prefix_path.sh
-- Symlinking: /work/overlay/install/uw_localization/share/uw_localization/environment/ament_prefix_path.dsv
-- Symlinking: /work/overlay/install/uw_localization/share/uw_localization/environment/path.sh
-- Symlinking: /work/overlay/install/uw_localization/share/uw_localization/environment/path.dsv
-- Symlinking: /work/overlay/install/uw_localization/share/uw_localization/local_setup.bash
-- Symlinking: /work/overlay/install/uw_localization/share/uw_localization/local_setup.sh
-- Symlinking: /work/overlay/install/uw_localization/share/uw_localization/local_setup.zsh
-- Symlinking: /work/overlay/install/uw_localization/share/uw_localization/local_setup.dsv
-- Symlinking: /work/overlay/install/uw_localization/share/uw_localization/package.dsv
-- Symlinking: /work/overlay/install/uw_localization/share/ament_index/resource_index/packages/uw_localization
-- Symlinking: /work/overlay/install/uw_localization/share/uw_localization/cmake/uw_localizationConfig.cmake
-- Symlinking: /work/overlay/install/uw_localization/share/uw_localization/cmake/uw_localizationConfig-version.cmake
-- Symlinking: /work/overlay/install/uw_localization/share/uw_localization/package.xml
Listing '/work/overlay/install/uw_localization/lib/python3.12/site-packages/uw_localization'...
Compiling '/work/overlay/install/uw_localization/lib/python3.12/site-packages/uw_localization/__init__.py'...
Compiling '/work/overlay/install/uw_localization/lib/python3.12/site-packages/uw_localization/artifacts.py'...
Compiling '/work/overlay/install/uw_localization/lib/python3.12/site-packages/uw_localization/orbslam3.py'...
Compiling '/work/overlay/install/uw_localization/lib/python3.12/site-packages/uw_localization/rtabmap.py'...
--- stderr: uw_localization
In file included from /opt/uw_src/ORB_SLAM3/Thirdparty/g2o/g2o/types/types_six_dof_expmap.h:37,
                 from /opt/uw_src/ORB_SLAM3/include/Converter.h:26,
                 from /opt/uw_src/ORB_SLAM3/include/Frame.h:33,
                 from /opt/uw_src/ORB_SLAM3/include/KeyFrame.h:28,
                 from /opt/uw_src/ORB_SLAM3/include/MapPoint.h:23,
                 from /opt/uw_src/ORB_SLAM3/include/FrameDrawer.h:24,
                 from /opt/uw_src/ORB_SLAM3/include/Viewer.h:23,
                 from /opt/uw_src/ORB_SLAM3/include/Tracking.h:26,
                 from /opt/uw_src/ORB_SLAM3/include/System.h:31,
                 from /workspace/localization/src/orbslam3_atlas_check.cpp:3:
/opt/uw_src/ORB_SLAM3/Thirdparty/g2o/g2o/types/../core/base_vertex.h:62:74: warning: ‘Eigen::AlignedBit’ is deprecated [-Wdeprecated-declarations]
   62 |     typedef Eigen::Map<Matrix<double, D, D>, Matrix<double,D,D>::Flags & AlignedBit ? Aligned : Unaligned >  HessianBlockType;
      |                                                                          ^~~~~~~~~~
In file included from /usr/include/eigen3/Eigen/Core:161,
                 from /usr/include/eigen3/Eigen/LU:11,
                 from /opt/uw_src/ORB_SLAM3/Thirdparty/Sophus/sophus/so2.hpp:12,
                 from /opt/uw_src/ORB_SLAM3/Thirdparty/Sophus/sophus/se2.hpp:7,
                 from /opt/uw_src/ORB_SLAM3/Thirdparty/Sophus/sophus/geometry.hpp:7,
                 from /opt/uw_src/ORB_SLAM3/include/Frame.h:28:
/usr/include/eigen3/Eigen/src/Core/util/Constants.h:167:37: note: declared here
  167 | EIGEN_DEPRECATED const unsigned int AlignedBit = 0x80;
      |                                     ^~~~~~~~~~
In file included from /opt/uw_src/ORB_SLAM3/Thirdparty/g2o/g2o/types/types_six_dof_expmap.h:38:
/opt/uw_src/ORB_SLAM3/Thirdparty/g2o/g2o/types/../core/base_binary_edge.h:59:82: warning: ‘Eigen::AlignedBit’ is deprecated [-Wdeprecated-declarations]
   59 |       typedef Eigen::Map<Matrix<double, Di, Dj>, Matrix<double, Di, Dj>::Flags & AlignedBit ? Aligned : Unaligned > HessianBlockType;
      |                                                                                  ^~~~~~~~~~
/usr/include/eigen3/Eigen/src/Core/util/Constants.h:167:37: note: declared here
  167 | EIGEN_DEPRECATED const unsigned int AlignedBit = 0x80;
      |                                     ^~~~~~~~~~
/opt/uw_src/ORB_SLAM3/Thirdparty/g2o/g2o/types/../core/base_binary_edge.h:60:82: warning: ‘Eigen::AlignedBit’ is deprecated [-Wdeprecated-declarations]
   60 |       typedef Eigen::Map<Matrix<double, Dj, Di>, Matrix<double, Dj, Di>::Flags & AlignedBit ? Aligned : Unaligned > HessianBlockTransposedType;
      |                                                                                  ^~~~~~~~~~
/usr/include/eigen3/Eigen/src/Core/util/Constants.h:167:37: note: declared here
  167 | EIGEN_DEPRECATED const unsigned int AlignedBit = 0x80;
      |                                     ^~~~~~~~~~
/opt/uw_src/ORB_SLAM3/Thirdparty/g2o/g2o/types/../core/base_vertex.h: In instantiation of ‘class g2o::BaseVertex<3, Eigen::Matrix<double, 3, 1> >’:
/opt/uw_src/ORB_SLAM3/Thirdparty/g2o/g2o/types/types_sba.h:40:35:   required from here
/opt/uw_src/ORB_SLAM3/Thirdparty/g2o/g2o/types/../core/base_vertex.h:62:72: warning: ‘Eigen::AlignedBit’ is deprecated [-Wdeprecated-declarations]
   62 |     typedef Eigen::Map<Matrix<double, D, D>, Matrix<double,D,D>::Flags & AlignedBit ? Aligned : Unaligned >  HessianBlockType;
      |                                                                  ~~~~~~^~~~~~~~~~~~
/usr/include/eigen3/Eigen/src/Core/util/Constants.h:167:37: note: declared here
  167 | EIGEN_DEPRECATED const unsigned int AlignedBit = 0x80;
      |                                     ^~~~~~~~~~
/opt/uw_src/ORB_SLAM3/Thirdparty/g2o/g2o/types/../core/base_vertex.h: In instantiation of ‘class g2o::BaseVertex<6, g2o::SE3Quat>’:
/opt/uw_src/ORB_SLAM3/Thirdparty/g2o/g2o/types/types_six_dof_expmap.h:59:33:   required from here
/opt/uw_src/ORB_SLAM3/Thirdparty/g2o/g2o/types/../core/base_vertex.h:62:72: warning: ‘Eigen::AlignedBit’ is deprecated [-Wdeprecated-declarations]
   62 |     typedef Eigen::Map<Matrix<double, D, D>, Matrix<double,D,D>::Flags & AlignedBit ? Aligned : Unaligned >  HessianBlockType;
      |                                                                  ~~~~~~^~~~~~~~~~~~
/usr/include/eigen3/Eigen/src/Core/util/Constants.h:167:37: note: declared here
  167 | EIGEN_DEPRECATED const unsigned int AlignedBit = 0x80;
      |                                     ^~~~~~~~~~
/opt/uw_src/ORB_SLAM3/Thirdparty/g2o/g2o/types/../core/base_binary_edge.h: In instantiation of ‘class g2o::BaseBinaryEdge<6, g2o::SE3Quat, g2o::VertexSE3Expmap, g2o::VertexSE3Expmap>’:
/opt/uw_src/ORB_SLAM3/Thirdparty/g2o/g2o/types/types_six_dof_expmap.h:83:24:   required from here
/opt/uw_src/ORB_SLAM3/Thirdparty/g2o/g2o/types/../core/base_binary_edge.h:59:80: warning: ‘Eigen::AlignedBit’ is deprecated [-Wdeprecated-declarations]
   59 |       typedef Eigen::Map<Matrix<double, Di, Dj>, Matrix<double, Di, Dj>::Flags & AlignedBit ? Aligned : Unaligned > HessianBlockType;
      |                                                                          ~~~~~~^~~~~~~~~~~~
/usr/include/eigen3/Eigen/src/Core/util/Constants.h:167:37: note: declared here
  167 | EIGEN_DEPRECATED const unsigned int AlignedBit = 0x80;
      |                                     ^~~~~~~~~~
/opt/uw_src/ORB_SLAM3/Thirdparty/g2o/g2o/types/../core/base_binary_edge.h:60:80: warning: ‘Eigen::AlignedBit’ is deprecated [-Wdeprecated-declarations]
   60 |       typedef Eigen::Map<Matrix<double, Dj, Di>, Matrix<double, Dj, Di>::Flags & AlignedBit ? Aligned : Unaligned > HessianBlockTransposedType;
      |                                                                          ~~~~~~^~~~~~~~~~~~
/usr/include/eigen3/Eigen/src/Core/util/Constants.h:167:37: note: declared here
  167 | EIGEN_DEPRECATED const unsigned int AlignedBit = 0x80;
      |                                     ^~~~~~~~~~
/opt/uw_src/ORB_SLAM3/Thirdparty/g2o/g2o/types/../core/base_binary_edge.h: In instantiation of ‘class g2o::BaseBinaryEdge<2, Eigen::Matrix<double, 2, 1>, g2o::VertexSBAPointXYZ, g2o::VertexSE3Expmap>’:
/opt/uw_src/ORB_SLAM3/Thirdparty/g2o/g2o/types/types_six_dof_expmap.h:114:35:   required from here
/opt/uw_src/ORB_SLAM3/Thirdparty/g2o/g2o/types/../core/base_binary_edge.h:59:80: warning: ‘Eigen::AlignedBit’ is deprecated [-Wdeprecated-declarations]
   59 |       typedef Eigen::Map<Matrix<double, Di, Dj>, Matrix<double, Di, Dj>::Flags & AlignedBit ? Aligned : Unaligned > HessianBlockType;
      |                                                                          ~~~~~~^~~~~~~~~~~~
/usr/include/eigen3/Eigen/src/Core/util/Constants.h:167:37: note: declared here
  167 | EIGEN_DEPRECATED const unsigned int AlignedBit = 0x80;
      |                                     ^~~~~~~~~~
/opt/uw_src/ORB_SLAM3/Thirdparty/g2o/g2o/types/../core/base_binary_edge.h:60:80: warning: ‘Eigen::AlignedBit’ is deprecated [-Wdeprecated-declarations]
   60 |       typedef Eigen::Map<Matrix<double, Dj, Di>, Matrix<double, Dj, Di>::Flags & AlignedBit ? Aligned : Unaligned > HessianBlockTransposedType;
      |                                                                          ~~~~~~^~~~~~~~~~~~
/usr/include/eigen3/Eigen/src/Core/util/Constants.h:167:37: note: declared here
  167 | EIGEN_DEPRECATED const unsigned int AlignedBit = 0x80;
      |                                     ^~~~~~~~~~
/opt/uw_src/ORB_SLAM3/Thirdparty/g2o/g2o/types/../core/base_binary_edge.h: In instantiation of ‘class g2o::BaseBinaryEdge<3, Eigen::Matrix<double, 3, 1>, g2o::VertexSBAPointXYZ, g2o::VertexSE3Expmap>’:
/opt/uw_src/ORB_SLAM3/Thirdparty/g2o/g2o/types/types_six_dof_expmap.h:146:41:   required from here
/opt/uw_src/ORB_SLAM3/Thirdparty/g2o/g2o/types/../core/base_binary_edge.h:59:80: warning: ‘Eigen::AlignedBit’ is deprecated [-Wdeprecated-declarations]
   59 |       typedef Eigen::Map<Matrix<double, Di, Dj>, Matrix<double, Di, Dj>::Flags & AlignedBit ? Aligned : Unaligned > HessianBlockType;
      |                                                                          ~~~~~~^~~~~~~~~~~~
/usr/include/eigen3/Eigen/src/Core/util/Constants.h:167:37: note: declared here
  167 | EIGEN_DEPRECATED const unsigned int AlignedBit = 0x80;
      |                                     ^~~~~~~~~~
/opt/uw_src/ORB_SLAM3/Thirdparty/g2o/g2o/types/../core/base_binary_edge.h:60:80: warning: ‘Eigen::AlignedBit’ is deprecated [-Wdeprecated-declarations]
   60 |       typedef Eigen::Map<Matrix<double, Dj, Di>, Matrix<double, Dj, Di>::Flags & AlignedBit ? Aligned : Unaligned > HessianBlockTransposedType;
      |                                                                          ~~~~~~^~~~~~~~~~~~
/usr/include/eigen3/Eigen/src/Core/util/Constants.h:167:37: note: declared here
  167 | EIGEN_DEPRECATED const unsigned int AlignedBit = 0x80;
      |                                     ^~~~~~~~~~
/opt/uw_src/ORB_SLAM3/Thirdparty/g2o/g2o/types/../core/base_vertex.h: In instantiation of ‘class g2o::BaseVertex<7, g2o::Sim3>’:
/opt/uw_src/ORB_SLAM3/Thirdparty/g2o/g2o/types/types_seven_dof_expmap.h:48:35:   required from here
/opt/uw_src/ORB_SLAM3/Thirdparty/g2o/g2o/types/../core/base_vertex.h:62:72: warning: ‘Eigen::AlignedBit’ is deprecated [-Wdeprecated-declarations]
   62 |     typedef Eigen::Map<Matrix<double, D, D>, Matrix<double,D,D>::Flags & AlignedBit ? Aligned : Unaligned >  HessianBlockType;
      |                                                                  ~~~~~~^~~~~~~~~~~~
/usr/include/eigen3/Eigen/src/Core/util/Constants.h:167:37: note: declared here
  167 | EIGEN_DEPRECATED const unsigned int AlignedBit = 0x80;
      |                                     ^~~~~~~~~~
/opt/uw_src/ORB_SLAM3/Thirdparty/g2o/g2o/types/../core/base_binary_edge.h: In instantiation of ‘class g2o::BaseBinaryEdge<7, g2o::Sim3, g2o::VertexSim3Expmap, g2o::VertexSim3Expmap>’:
/opt/uw_src/ORB_SLAM3/Thirdparty/g2o/g2o/types/types_seven_dof_expmap.h:99:27:   required from here
/opt/uw_src/ORB_SLAM3/Thirdparty/g2o/g2o/types/../core/base_binary_edge.h:59:80: warning: ‘Eigen::AlignedBit’ is deprecated [-Wdeprecated-declarations]
   59 |       typedef Eigen::Map<Matrix<double, Di, Dj>, Matrix<double, Di, Dj>::Flags & AlignedBit ? Aligned : Unaligned > HessianBlockType;
      |                                                                          ~~~~~~^~~~~~~~~~~~
/usr/include/eigen3/Eigen/src/Core/util/Constants.h:167:37: note: declared here
  167 | EIGEN_DEPRECATED const unsigned int AlignedBit = 0x80;
      |                                     ^~~~~~~~~~
/opt/uw_src/ORB_SLAM3/Thirdparty/g2o/g2o/types/../core/base_binary_edge.h:60:80: warning: ‘Eigen::AlignedBit’ is deprecated [-Wdeprecated-declarations]
   60 |       typedef Eigen::Map<Matrix<double, Dj, Di>, Matrix<double, Dj, Di>::Flags & AlignedBit ? Aligned : Unaligned > HessianBlockTransposedType;
      |                                                                          ~~~~~~^~~~~~~~~~~~
/usr/include/eigen3/Eigen/src/Core/util/Constants.h:167:37: note: declared here
  167 | EIGEN_DEPRECATED const unsigned int AlignedBit = 0x80;
      |                                     ^~~~~~~~~~
/opt/uw_src/ORB_SLAM3/Thirdparty/g2o/g2o/types/../core/base_binary_edge.h: In instantiation of ‘class g2o::BaseBinaryEdge<2, Eigen::Matrix<double, 2, 1>, g2o::VertexSBAPointXYZ, g2o::VertexSim3Expmap>’:
/opt/uw_src/ORB_SLAM3/Thirdparty/g2o/g2o/types/types_seven_dof_expmap.h:130:36:   required from here
/opt/uw_src/ORB_SLAM3/Thirdparty/g2o/g2o/types/../core/base_binary_edge.h:59:80: warning: ‘Eigen::AlignedBit’ is deprecated [-Wdeprecated-declarations]
   59 |       typedef Eigen::Map<Matrix<double, Di, Dj>, Matrix<double, Di, Dj>::Flags & AlignedBit ? Aligned : Unaligned > HessianBlockType;
      |                                                                          ~~~~~~^~~~~~~~~~~~
/usr/include/eigen3/Eigen/src/Core/util/Constants.h:167:37: note: declared here
  167 | EIGEN_DEPRECATED const unsigned int AlignedBit = 0x80;
      |                                     ^~~~~~~~~~
/opt/uw_src/ORB_SLAM3/Thirdparty/g2o/g2o/types/../core/base_binary_edge.h:60:80: warning: ‘Eigen::AlignedBit’ is deprecated [-Wdeprecated-declarations]
   60 |       typedef Eigen::Map<Matrix<double, Dj, Di>, Matrix<double, Dj, Di>::Flags & AlignedBit ? Aligned : Unaligned > HessianBlockTransposedType;
      |                                                                          ~~~~~~^~~~~~~~~~~~
/usr/include/eigen3/Eigen/src/Core/util/Constants.h:167:37: note: declared here
  167 | EIGEN_DEPRECATED const unsigned int AlignedBit = 0x80;
      |                                     ^~~~~~~~~~
In file included from /opt/uw_src/ORB_SLAM3/Thirdparty/g2o/g2o/types/types_six_dof_expmap.h:37,
                 from /opt/uw_src/ORB_SLAM3/include/Converter.h:26,
                 from /opt/uw_src/ORB_SLAM3/include/Frame.h:33,
                 from /opt/uw_src/ORB_SLAM3/include/KeyFrame.h:28,
                 from /opt/uw_src/ORB_SLAM3/include/MapPoint.h:23,
                 from /opt/uw_src/ORB_SLAM3/include/FrameDrawer.h:24,
                 from /opt/uw_src/ORB_SLAM3/include/Viewer.h:23,
                 from /opt/uw_src/ORB_SLAM3/include/Tracking.h:26,
                 from /opt/uw_src/ORB_SLAM3/include/System.h:31,
                 from /workspace/localization/src/orbslam3_node.cpp:11:
/opt/uw_src/ORB_SLAM3/Thirdparty/g2o/g2o/types/../core/base_vertex.h:62:74: warning: ‘Eigen::AlignedBit’ is deprecated [-Wdeprecated-declarations]
   62 |     typedef Eigen::Map<Matrix<double, D, D>, Matrix<double,D,D>::Flags & AlignedBit ? Aligned : Unaligned >  HessianBlockType;
      |                                                                          ^~~~~~~~~~
In file included from /usr/include/eigen3/Eigen/Core:161,
                 from /usr/include/eigen3/Eigen/LU:11,
                 from /opt/uw_src/ORB_SLAM3/Thirdparty/Sophus/sophus/so2.hpp:12,
                 from /opt/uw_src/ORB_SLAM3/Thirdparty/Sophus/sophus/se2.hpp:7,
                 from /opt/uw_src/ORB_SLAM3/Thirdparty/Sophus/sophus/geometry.hpp:7,
                 from /opt/uw_src/ORB_SLAM3/include/Frame.h:28:
/usr/include/eigen3/Eigen/src/Core/util/Constants.h:167:37: note: declared here
  167 | EIGEN_DEPRECATED const unsigned int AlignedBit = 0x80;
      |                                     ^~~~~~~~~~
In file included from /opt/uw_src/ORB_SLAM3/Thirdparty/g2o/g2o/types/types_six_dof_expmap.h:38:
/opt/uw_src/ORB_SLAM3/Thirdparty/g2o/g2o/types/../core/base_binary_edge.h:59:82: warning: ‘Eigen::AlignedBit’ is deprecated [-Wdeprecated-declarations]
   59 |       typedef Eigen::Map<Matrix<double, Di, Dj>, Matrix<double, Di, Dj>::Flags & AlignedBit ? Aligned : Unaligned > HessianBlockType;
      |                                                                                  ^~~~~~~~~~
/usr/include/eigen3/Eigen/src/Core/util/Constants.h:167:37: note: declared here
  167 | EIGEN_DEPRECATED const unsigned int AlignedBit = 0x80;
      |                                     ^~~~~~~~~~
/opt/uw_src/ORB_SLAM3/Thirdparty/g2o/g2o/types/../core/base_binary_edge.h:60:82: warning: ‘Eigen::AlignedBit’ is deprecated [-Wdeprecated-declarations]
   60 |       typedef Eigen::Map<Matrix<double, Dj, Di>, Matrix<double, Dj, Di>::Flags & AlignedBit ? Aligned : Unaligned > HessianBlockTransposedType;
      |                                                                                  ^~~~~~~~~~
/usr/include/eigen3/Eigen/src/Core/util/Constants.h:167:37: note: declared here
  167 | EIGEN_DEPRECATED const unsigned int AlignedBit = 0x80;
      |                                     ^~~~~~~~~~
/opt/uw_src/ORB_SLAM3/Thirdparty/g2o/g2o/types/../core/base_vertex.h: In instantiation of ‘class g2o::BaseVertex<3, Eigen::Matrix<double, 3, 1> >’:
/opt/uw_src/ORB_SLAM3/Thirdparty/g2o/g2o/types/types_sba.h:40:35:   required from here
/opt/uw_src/ORB_SLAM3/Thirdparty/g2o/g2o/types/../core/base_vertex.h:62:72: warning: ‘Eigen::AlignedBit’ is deprecated [-Wdeprecated-declarations]
   62 |     typedef Eigen::Map<Matrix<double, D, D>, Matrix<double,D,D>::Flags & AlignedBit ? Aligned : Unaligned >  HessianBlockType;
      |                                                                  ~~~~~~^~~~~~~~~~~~
/usr/include/eigen3/Eigen/src/Core/util/Constants.h:167:37: note: declared here
  167 | EIGEN_DEPRECATED const unsigned int AlignedBit = 0x80;
      |                                     ^~~~~~~~~~
/opt/uw_src/ORB_SLAM3/Thirdparty/g2o/g2o/types/../core/base_vertex.h: In instantiation of ‘class g2o::BaseVertex<6, g2o::SE3Quat>’:
/opt/uw_src/ORB_SLAM3/Thirdparty/g2o/g2o/types/types_six_dof_expmap.h:59:33:   required from here
/opt/uw_src/ORB_SLAM3/Thirdparty/g2o/g2o/types/../core/base_vertex.h:62:72: warning: ‘Eigen::AlignedBit’ is deprecated [-Wdeprecated-declarations]
   62 |     typedef Eigen::Map<Matrix<double, D, D>, Matrix<double,D,D>::Flags & AlignedBit ? Aligned : Unaligned >  HessianBlockType;
      |                                                                  ~~~~~~^~~~~~~~~~~~
/usr/include/eigen3/Eigen/src/Core/util/Constants.h:167:37: note: declared here
  167 | EIGEN_DEPRECATED const unsigned int AlignedBit = 0x80;
      |                                     ^~~~~~~~~~
/opt/uw_src/ORB_SLAM3/Thirdparty/g2o/g2o/types/../core/base_binary_edge.h: In instantiation of ‘class g2o::BaseBinaryEdge<6, g2o::SE3Quat, g2o::VertexSE3Expmap, g2o::VertexSE3Expmap>’:
/opt/uw_src/ORB_SLAM3/Thirdparty/g2o/g2o/types/types_six_dof_expmap.h:83:24:   required from here
/opt/uw_src/ORB_SLAM3/Thirdparty/g2o/g2o/types/../core/base_binary_edge.h:59:80: warning: ‘Eigen::AlignedBit’ is deprecated [-Wdeprecated-declarations]
   59 |       typedef Eigen::Map<Matrix<double, Di, Dj>, Matrix<double, Di, Dj>::Flags & AlignedBit ? Aligned : Unaligned > HessianBlockType;
      |                                                                          ~~~~~~^~~~~~~~~~~~
/usr/include/eigen3/Eigen/src/Core/util/Constants.h:167:37: note: declared here
  167 | EIGEN_DEPRECATED const unsigned int AlignedBit = 0x80;
      |                                     ^~~~~~~~~~
/opt/uw_src/ORB_SLAM3/Thirdparty/g2o/g2o/types/../core/base_binary_edge.h:60:80: warning: ‘Eigen::AlignedBit’ is deprecated [-Wdeprecated-declarations]
   60 |       typedef Eigen::Map<Matrix<double, Dj, Di>, Matrix<double, Dj, Di>::Flags & AlignedBit ? Aligned : Unaligned > HessianBlockTransposedType;
      |                                                                          ~~~~~~^~~~~~~~~~~~
/usr/include/eigen3/Eigen/src/Core/util/Constants.h:167:37: note: declared here
  167 | EIGEN_DEPRECATED const unsigned int AlignedBit = 0x80;
      |                                     ^~~~~~~~~~
/opt/uw_src/ORB_SLAM3/Thirdparty/g2o/g2o/types/../core/base_binary_edge.h: In instantiation of ‘class g2o::BaseBinaryEdge<2, Eigen::Matrix<double, 2, 1>, g2o::VertexSBAPointXYZ, g2o::VertexSE3Expmap>’:
/opt/uw_src/ORB_SLAM3/Thirdparty/g2o/g2o/types/types_six_dof_expmap.h:114:35:   required from here
/opt/uw_src/ORB_SLAM3/Thirdparty/g2o/g2o/types/../core/base_binary_edge.h:59:80: warning: ‘Eigen::AlignedBit’ is deprecated [-Wdeprecated-declarations]
   59 |       typedef Eigen::Map<Matrix<double, Di, Dj>, Matrix<double, Di, Dj>::Flags & AlignedBit ? Aligned : Unaligned > HessianBlockType;
      |                                                                          ~~~~~~^~~~~~~~~~~~
/usr/include/eigen3/Eigen/src/Core/util/Constants.h:167:37: note: declared here
  167 | EIGEN_DEPRECATED const unsigned int AlignedBit = 0x80;
      |                                     ^~~~~~~~~~
/opt/uw_src/ORB_SLAM3/Thirdparty/g2o/g2o/types/../core/base_binary_edge.h:60:80: warning: ‘Eigen::AlignedBit’ is deprecated [-Wdeprecated-declarations]
   60 |       typedef Eigen::Map<Matrix<double, Dj, Di>, Matrix<double, Dj, Di>::Flags & AlignedBit ? Aligned : Unaligned > HessianBlockTransposedType;
      |                                                                          ~~~~~~^~~~~~~~~~~~
/usr/include/eigen3/Eigen/src/Core/util/Constants.h:167:37: note: declared here
  167 | EIGEN_DEPRECATED const unsigned int AlignedBit = 0x80;
      |                                     ^~~~~~~~~~
/opt/uw_src/ORB_SLAM3/Thirdparty/g2o/g2o/types/../core/base_binary_edge.h: In instantiation of ‘class g2o::BaseBinaryEdge<3, Eigen::Matrix<double, 3, 1>, g2o::VertexSBAPointXYZ, g2o::VertexSE3Expmap>’:
/opt/uw_src/ORB_SLAM3/Thirdparty/g2o/g2o/types/types_six_dof_expmap.h:146:41:   required from here
/opt/uw_src/ORB_SLAM3/Thirdparty/g2o/g2o/types/../core/base_binary_edge.h:59:80: warning: ‘Eigen::AlignedBit’ is deprecated [-Wdeprecated-declarations]
   59 |       typedef Eigen::Map<Matrix<double, Di, Dj>, Matrix<double, Di, Dj>::Flags & AlignedBit ? Aligned : Unaligned > HessianBlockType;
      |                                                                          ~~~~~~^~~~~~~~~~~~
/usr/include/eigen3/Eigen/src/Core/util/Constants.h:167:37: note: declared here
  167 | EIGEN_DEPRECATED const unsigned int AlignedBit = 0x80;
      |                                     ^~~~~~~~~~
/opt/uw_src/ORB_SLAM3/Thirdparty/g2o/g2o/types/../core/base_binary_edge.h:60:80: warning: ‘Eigen::AlignedBit’ is deprecated [-Wdeprecated-declarations]
   60 |       typedef Eigen::Map<Matrix<double, Dj, Di>, Matrix<double, Dj, Di>::Flags & AlignedBit ? Aligned : Unaligned > HessianBlockTransposedType;
      |                                                                          ~~~~~~^~~~~~~~~~~~
/usr/include/eigen3/Eigen/src/Core/util/Constants.h:167:37: note: declared here
  167 | EIGEN_DEPRECATED const unsigned int AlignedBit = 0x80;
      |                                     ^~~~~~~~~~
/opt/uw_src/ORB_SLAM3/Thirdparty/g2o/g2o/types/../core/base_vertex.h: In instantiation of ‘class g2o::BaseVertex<7, g2o::Sim3>’:
/opt/uw_src/ORB_SLAM3/Thirdparty/g2o/g2o/types/types_seven_dof_expmap.h:48:35:   required from here
/opt/uw_src/ORB_SLAM3/Thirdparty/g2o/g2o/types/../core/base_vertex.h:62:72: warning: ‘Eigen::AlignedBit’ is deprecated [-Wdeprecated-declarations]
   62 |     typedef Eigen::Map<Matrix<double, D, D>, Matrix<double,D,D>::Flags & AlignedBit ? Aligned : Unaligned >  HessianBlockType;
      |                                                                  ~~~~~~^~~~~~~~~~~~
/usr/include/eigen3/Eigen/src/Core/util/Constants.h:167:37: note: declared here
  167 | EIGEN_DEPRECATED const unsigned int AlignedBit = 0x80;
      |                                     ^~~~~~~~~~
/opt/uw_src/ORB_SLAM3/Thirdparty/g2o/g2o/types/../core/base_binary_edge.h: In instantiation of ‘class g2o::BaseBinaryEdge<7, g2o::Sim3, g2o::VertexSim3Expmap, g2o::VertexSim3Expmap>’:
/opt/uw_src/ORB_SLAM3/Thirdparty/g2o/g2o/types/types_seven_dof_expmap.h:99:27:   required from here
/opt/uw_src/ORB_SLAM3/Thirdparty/g2o/g2o/types/../core/base_binary_edge.h:59:80: warning: ‘Eigen::AlignedBit’ is deprecated [-Wdeprecated-declarations]
   59 |       typedef Eigen::Map<Matrix<double, Di, Dj>, Matrix<double, Di, Dj>::Flags & AlignedBit ? Aligned : Unaligned > HessianBlockType;
      |                                                                          ~~~~~~^~~~~~~~~~~~
/usr/include/eigen3/Eigen/src/Core/util/Constants.h:167:37: note: declared here
  167 | EIGEN_DEPRECATED const unsigned int AlignedBit = 0x80;
      |                                     ^~~~~~~~~~
/opt/uw_src/ORB_SLAM3/Thirdparty/g2o/g2o/types/../core/base_binary_edge.h:60:80: warning: ‘Eigen::AlignedBit’ is deprecated [-Wdeprecated-declarations]
   60 |       typedef Eigen::Map<Matrix<double, Dj, Di>, Matrix<double, Dj, Di>::Flags & AlignedBit ? Aligned : Unaligned > HessianBlockTransposedType;
      |                                                                          ~~~~~~^~~~~~~~~~~~
/usr/include/eigen3/Eigen/src/Core/util/Constants.h:167:37: note: declared here
  167 | EIGEN_DEPRECATED const unsigned int AlignedBit = 0x80;
      |                                     ^~~~~~~~~~
/opt/uw_src/ORB_SLAM3/Thirdparty/g2o/g2o/types/../core/base_binary_edge.h: In instantiation of ‘class g2o::BaseBinaryEdge<2, Eigen::Matrix<double, 2, 1>, g2o::VertexSBAPointXYZ, g2o::VertexSim3Expmap>’:
/opt/uw_src/ORB_SLAM3/Thirdparty/g2o/g2o/types/types_seven_dof_expmap.h:130:36:   required from here
/opt/uw_src/ORB_SLAM3/Thirdparty/g2o/g2o/types/../core/base_binary_edge.h:59:80: warning: ‘Eigen::AlignedBit’ is deprecated [-Wdeprecated-declarations]
   59 |       typedef Eigen::Map<Matrix<double, Di, Dj>, Matrix<double, Di, Dj>::Flags & AlignedBit ? Aligned : Unaligned > HessianBlockType;
      |                                                                          ~~~~~~^~~~~~~~~~~~
/usr/include/eigen3/Eigen/src/Core/util/Constants.h:167:37: note: declared here
  167 | EIGEN_DEPRECATED const unsigned int AlignedBit = 0x80;
      |                                     ^~~~~~~~~~
/opt/uw_src/ORB_SLAM3/Thirdparty/g2o/g2o/types/../core/base_binary_edge.h:60:80: warning: ‘Eigen::AlignedBit’ is deprecated [-Wdeprecated-declarations]
   60 |       typedef Eigen::Map<Matrix<double, Dj, Di>, Matrix<double, Dj, Di>::Flags & AlignedBit ? Aligned : Unaligned > HessianBlockTransposedType;
      |                                                                          ~~~~~~^~~~~~~~~~~~
/usr/include/eigen3/Eigen/src/Core/util/Constants.h:167:37: note: declared here
  167 | EIGEN_DEPRECATED const unsigned int AlignedBit = 0x80;
      |                                     ^~~~~~~~~~
---
Finished <<< uw_localization [20.0s]
Starting >>> uw_benchmark
running develop
running egg_info
creating uw_benchmark.egg-info
writing uw_benchmark.egg-info/PKG-INFO
writing dependency_links to uw_benchmark.egg-info/dependency_links.txt
writing entry points to uw_benchmark.egg-info/entry_points.txt
writing requirements to uw_benchmark.egg-info/requires.txt
writing top-level names to uw_benchmark.egg-info/top_level.txt
writing manifest file 'uw_benchmark.egg-info/SOURCES.txt'
reading manifest file 'uw_benchmark.egg-info/SOURCES.txt'
writing manifest file 'uw_benchmark.egg-info/SOURCES.txt'
running build_ext
Creating /work/overlay/install/uw_benchmark/lib/python3.12/site-packages/uw-benchmark.egg-link (link to .)
Installing m0_probe script to /work/overlay/install/uw_benchmark/lib/uw_benchmark
Installing m1_case script to /work/overlay/install/uw_benchmark/lib/uw_benchmark
Installing m1_observation script to /work/overlay/install/uw_benchmark/lib/uw_benchmark
Installing m2_case script to /work/overlay/install/uw_benchmark/lib/uw_benchmark
Installing m3_case script to /work/overlay/install/uw_benchmark/lib/uw_benchmark
Installing porth_case script to /work/overlay/install/uw_benchmark/lib/uw_benchmark
Installing survey_case script to /work/overlay/install/uw_benchmark/lib/uw_benchmark

Installed /work/overlay/build/uw_benchmark
running symlink_data
creating /work/overlay/install/uw_benchmark/share/ament_index
creating /work/overlay/install/uw_benchmark/share/ament_index/resource_index
creating /work/overlay/install/uw_benchmark/share/ament_index/resource_index/packages
symbolically linking /work/overlay/build/uw_benchmark/resource/uw_benchmark -> /work/overlay/install/uw_benchmark/share/ament_index/resource_index/packages
symbolically linking /work/overlay/build/uw_benchmark/package.xml -> /work/overlay/install/uw_benchmark/share/uw_benchmark
Finished <<< uw_benchmark [0.75s]
Starting >>> uw_app
running develop
running egg_info
creating uw_app.egg-info
writing uw_app.egg-info/PKG-INFO
writing dependency_links to uw_app.egg-info/dependency_links.txt
writing entry points to uw_app.egg-info/entry_points.txt
writing requirements to uw_app.egg-info/requires.txt
writing top-level names to uw_app.egg-info/top_level.txt
writing manifest file 'uw_app.egg-info/SOURCES.txt'
reading manifest file 'uw_app.egg-info/SOURCES.txt'
writing manifest file 'uw_app.egg-info/SOURCES.txt'
running build_ext
Creating /work/overlay/install/uw_app/lib/python3.12/site-packages/uw-app.egg-link (link to .)
Installing m2_run script to /work/overlay/install/uw_app/lib/uw_app
Installing m3_run script to /work/overlay/install/uw_app/lib/uw_app
Installing run script to /work/overlay/install/uw_app/lib/uw_app

Installed /work/overlay/build/uw_app
running symlink_data
creating /work/overlay/install/uw_app/share/ament_index
creating /work/overlay/install/uw_app/share/ament_index/resource_index
creating /work/overlay/install/uw_app/share/ament_index/resource_index/packages
symbolically linking /work/overlay/build/uw_app/resource/uw_app -> /work/overlay/install/uw_app/share/ament_index/resource_index/packages
symbolically linking /work/overlay/build/uw_app/package.xml -> /work/overlay/install/uw_app/share/uw_app
creating /work/overlay/install/uw_app/share/uw_app/launch
symbolically linking /work/overlay/build/uw_app/launch/estimate.launch.py -> /work/overlay/install/uw_app/share/uw_app/launch
symbolically linking /work/overlay/build/uw_app/launch/navigate.launch.py -> /work/overlay/install/uw_app/share/uw_app/launch
symbolically linking /work/overlay/build/uw_app/launch/control.launch.py -> /work/overlay/install/uw_app/share/uw_app/launch
symbolically linking /work/overlay/build/uw_app/launch/inspect.launch.py -> /work/overlay/install/uw_app/share/uw_app/launch
Finished <<< uw_app [0.78s]

Summary: 13 packages finished [23.2s]
  1 package had stderr output: uw_localization
